station_id,station_name,latitude,longitude,best_anchor,travel_time_minutes,transfers_count,assigned_population
ch telet::48.8597::2.3458,Châtelet,48.859715,2.3458371,Châtelet,4.0,0.0,0.0
ch telet::48.8597::2.3459,Châtelet,48.8597318,2.3458776,Châtelet,7.043781981670128,0.0,0.0
ch telet::48.8599::2.3465,Châtelet,48.8599383,2.346476,Châtelet,7.6615630827757455,0.0,0.0
ch telet::48.8592::2.3461,Châtelet,48.8592004,2.3460681,Châtelet,7.745801831722041,0.0,0.0
ch telet::48.8601::2.3464,Châtelet,48.8601046,2.3464269,Châtelet,7.764283232062676,0.0,0.0
ch telet::48.8598::2.3467,Châtelet,48.8597882,2.3466668,Châtelet,7.765506856695544,0.0,109726.9885249256
ch telet::48.86::2.3466,Châtelet,48.8599797,2.3465901,Châtelet,7.780704418978842,0.0,0.0
les halles::48.8622::2.3459,Les Halles,48.8621646,2.3458801,Châtelet,8.99275038055845,0.0,0.0
les halles::48.8627::2.3462,Les Halles,48.8626996,2.346214,Châtelet,9.06662430106427,0.0,0.0
louvre rivoli::48.8608::2.3411,Louvre - Rivoli,48.8608027,2.3411235,Châtelet,9.207369300317582,0.0,110506.30285628645
cit::48.8553::2.3475,Cité,48.8553272,2.3475245,Châtelet,9.326451962467829,0.0,0.0
h tel de ville::48.8574::2.3521,Hôtel de Ville,48.8573621,2.3520804,Châtelet,9.351726544206795,0.0,0.0
h tel de ville::48.8573::2.3521,Hôtel de Ville,48.8573314,2.3520592,Châtelet,9.351809133000113,0.0,0.0
cit::48.8553::2.3476,Cité,48.8553219,2.3475596,Châtelet,9.359386285628563,0.0,0.0
pyramides::48.8657::2.3345,Pyramides,48.8656865,2.3345203,Châtelet,9.622762834942147,0.0,0.0
pyramides::48.8655::2.3345,Pyramides,48.8655192,2.3345323,Châtelet,9.855557935816234,0.0,0.0
pyramides::48.866::2.3344,Pyramides,48.8659523,2.334403,Châtelet,10.00746088158304,0.0,0.0
ch telet::48.8578::2.3475,Châtelet,48.8577988,2.3475176,Châtelet,10.074947178601368,0.0,0.0
h tel de ville::48.8579::2.3517,Hôtel de Ville,48.8578908,2.3517115,Châtelet,10.160321409493424,0.0,0.0
tienne marcel::48.864::2.3494,Étienne Marcel,48.8639526,2.3493931,Châtelet,10.316119858445834,0.0,0.0
tienne marcel::48.864::2.3499,Étienne Marcel,48.8640258,2.3498519,Châtelet,10.353521166187953,0.0,0.0
palais royal mus e du louvre::48.8624::2.3364,Palais Royal - Musée du Louvre,48.8624011,2.3363844,Châtelet,10.644870566162437,0.0,0.0
tienne marcel::48.8639::2.349,Étienne Marcel,48.8638718,2.3490301,Châtelet,10.6665212483892,0.0,0.0
saint michel::48.8535::2.344,Saint-Michel,48.8534749,2.3439512,Châtelet,10.699646301101717,0.0,0.0
palais royal mus e du louvre::48.8625::2.3359,Palais Royal - Musée du Louvre,48.8625134,2.33593,Châtelet,10.707157051782126,0.0,0.0
saint michel::48.8531::2.3431,Saint-Michel,48.8531003,2.3430667,Châtelet,10.799096334335628,0.0,0.0
pont neuf::48.8587::2.3418,Pont Neuf,48.8586746,2.3418394,Châtelet,10.93134320272558,0.0,0.0
palais royal mus e du louvre::48.8629::2.3366,Palais Royal - Musée du Louvre,48.8628937,2.3366388,Châtelet,11.188107637399916,0.0,0.0
saint paul::48.8554::2.3604,Saint-Paul,48.8553907,2.3604173,Châtelet,11.24548244035956,0.0,0.0
op ra::48.8699::2.3324,Opéra,48.8699162,2.3323911,Châtelet,11.51155063697716,0.0,0.0
ch telet::48.8569::2.3483,Châtelet,48.8568523,2.3483419,Châtelet,11.574186164929715,0.0,0.0
op ra::48.8701::2.3324,Opéra,48.8701384,2.3324248,Châtelet,11.617655191197004,0.0,0.0
op ra::48.8698::2.3325,Opéra,48.8698034,2.3325073,Châtelet,11.70093862388304,0.0,0.0
op ra::48.8699::2.3326,Opéra,48.8699465,2.3325942,Châtelet,11.701952857588793,0.0,0.0
rambuteau::48.8618::2.3538,Rambuteau,48.861819,2.353822,Châtelet,11.72787438368184,0.0,0.0
rambuteau::48.8618::2.3539,Rambuteau,48.8618101,2.3538626,Châtelet,11.72799323491099,0.0,106782.13129093849
madeleine::48.8704::2.3266,Madeleine,48.8703996,2.3265648,Châtelet,11.754711274492617,0.0,0.0
r aumur s bastopol::48.8667::2.3529,Réaumur - Sébastopol,48.8667015,2.3529115,Châtelet,11.760522783557892,0.0,0.0
r aumur s bastopol::48.8667::2.3528,Réaumur - Sébastopol,48.8667156,2.3528282,Châtelet,11.766526494012767,0.0,0.0
od on::48.8524::2.3394,Odéon,48.8523524,2.3393929,Châtelet,12.045627631930657,0.0,0.0
od on::48.8522::2.3393,Odéon,48.8522212,2.3393289,Châtelet,12.237150979114157,0.0,105680.93883970709
tuileries::48.8645::2.3297,Tuileries,48.8645025,2.3296589,Châtelet,12.355866448378702,0.0,109070.72848676737
gare de lyon::48.8434::2.374,Gare de Lyon,48.8434008,2.3739596,Châtelet,12.590813304248568,0.0,0.0
op ra::48.8704::2.3313,Opéra,48.8704386,2.3312817,Châtelet,12.742956268715428,0.0,108477.62690572816
op ra::48.8705::2.3313,Opéra,48.8704743,2.3312669,Châtelet,12.774650574773084,0.0,0.0
r aumur s bastopol::48.8664::2.3518,Réaumur Sébastopol,48.8663904,2.3517863,Châtelet,12.820953800589255,0.0,0.0
madeleine::48.8696::2.3262,Madeleine,48.8695784,2.3261707,Châtelet,12.951646131445989,0.0,0.0
madeleine::48.8703::2.3253,Madeleine,48.870318,2.3252605,Châtelet,12.952551374134885,0.0,0.0
madeleine::48.8695::2.3262,Madeleine,48.8695309,2.3261888,Châtelet,13.010130786712807,0.0,0.0
madeleine::48.8703::2.3252,Madeleine,48.8703157,2.3251754,Châtelet,13.03031422432215,0.0,104950.23770974363
strasbourg saint denis::48.8694::2.3544,Strasbourg - Saint-Denis,48.869378,2.3543827,Châtelet,13.068999285499732,0.0,0.0
strasbourg saint denis::48.8694::2.3543,Strasbourg - Saint-Denis,48.8693868,2.3543228,Châtelet,13.075061102532146,0.0,0.0
op ra::48.8711::2.3317,Opéra,48.8711001,2.3317456,Châtelet,13.09154773205599,0.0,0.0
chauss e d antin la fayette::48.8732::2.3337,Chaussée d'Antin - La Fayette,48.8732048,2.3337009,Châtelet,13.13593127356164,0.0,0.0
chauss e d antin la fayette::48.8733::2.3343,Chaussée d'Antin - La Fayette,48.8733354,2.334304,Châtelet,13.152604786514749,0.0,0.0
bastille::48.852::2.3687,Bastille,48.8519877,2.3686653,Châtelet,13.252454426922238,0.0,97559.12274735904
arts et m tiers::48.8653::2.3566,Arts et Métiers,48.8653497,2.3565987,Châtelet,13.257202201760627,0.0,0.0
arts et m tiers::48.8654::2.3566,Arts et Métiers,48.865373,2.3566088,Châtelet,13.262581816909101,0.0,0.0
saint germain des pr s::48.8536::2.3345,Saint-Germain-des-Prés,48.8536471,2.3344841,Châtelet,13.478452155705114,0.0,0.0
r aumur s bastopol::48.8666::2.351,Réaumur Sébastopol,48.86659,2.3509614,Châtelet,13.482282424360648,0.0,0.0
pont marie::48.8538::2.3566,Pont Marie,48.8537872,2.3565905,Châtelet,13.547262111754268,0.0,0.0
mabillon::48.8529::2.335,Mabillon,48.8529025,2.3349843,Châtelet,13.563821987080416,0.0,0.0
saint lazare::48.8756::2.3241,Saint-Lazare,48.8756142,2.3241006,Châtelet,13.576239646980557,0.0,0.0
chauss e d antin la fayette::48.8729::2.3339,Chaussée d'Antin - La Fayette,48.8728788,2.3338722,Châtelet,13.615349248281683,0.0,0.0
strasbourg saint denis::48.8694::2.3537,Strasbourg - Saint-Denis,48.8693749,2.3537241,Châtelet,13.622684104162648,0.0,0.0
cluny la sorbonne::48.8511::2.3442,Cluny-La Sorbonne,48.8511065,2.3442097,Châtelet,13.65423544705678,0.0,0.0
arts et m tiers::48.8655::2.3562,Arts et Métiers,48.8655324,2.3561784,Châtelet,13.714195404849063,0.0,0.0
arts et m tiers::48.8656::2.3562,Arts et Métiers,48.8655545,2.3561784,Châtelet,13.730031990833997,0.0,0.0
concorde::48.8662::2.3244,Concorde,48.8661988,2.3244166,Châtelet,13.859996404074057,0.0,0.0
porte saint denis::48.8701::2.3547,Porte Saint-Denis,48.8700963,2.3547261,Châtelet,14.115591400267423,0.0,0.0
porte saint denis::48.8701::2.3548,Porte Saint-Denis,48.8700826,2.3548025,Châtelet,14.120870667195,0.0,0.0
m tro 3 levallois perret::48.8752::2.3245,Métro 3: Levallois-Perret,48.8751729,2.3244773,Châtelet,14.279674317650974,0.0,0.0
sentier::48.8675::2.3466,Sentier,48.867518,2.3465656,Châtelet,14.280235339136173,0.0,0.0
m tro 3 gallieni::48.8751::2.3244,Métro 3: Gallieni,48.8751219,2.324375,Châtelet,14.305035324154769,0.0,0.0
saint lazare::48.8751::2.3244,Saint-Lazare,48.8751136,2.3244121,Châtelet,14.328057141052197,0.0,0.0
bercy::48.84::2.3796,Bercy,48.8399806,2.3795807,Châtelet,14.32944995895556,0.0,83331.1261584777
quatre septembre::48.8696::2.3359,Quatre Septembre,48.8695954,2.3359026,Châtelet,14.453971404179882,0.0,0.0
richelieu drouot::48.8717::2.3385,Richelieu - Drouot,48.8717041,2.3385398,Châtelet,14.462105884470873,0.0,0.0
havre caumartin::48.8732::2.328,Havre - Caumartin,48.8732217,2.3280241,Châtelet,14.477176753095438,0.0,0.0
saint lazare::48.8753::2.325,Saint-Lazare,48.8753076,2.3250015,Châtelet,14.503530070104768,0.0,0.0
concorde::48.8665::2.3218,Concorde,48.8664837,2.3217522,Châtelet,14.534735808233219,0.0,0.0
ch teau d eau::48.8729::2.3564,Château d'Eau,48.87288,2.3563957,Châtelet,14.553660339532874,0.0,0.0
ch teau d eau::48.8729::2.3563,Château d'Eau,48.8728919,2.3563063,Châtelet,14.55895429929215,0.0,0.0
concorde::48.8657::2.3228,Concorde,48.8657199,2.3228167,Châtelet,14.65837002863644,0.0,0.0
le peletier::48.8748::2.34,Le Peletier,48.8748399,2.3399568,Châtelet,14.754741517514535,0.0,0.0
le peletier::48.875::2.3405,Le Peletier,48.8749504,2.3404834,Châtelet,14.76078140952268,0.0,0.0
saint lazare::48.8757::2.3278,Saint-Lazare,48.8757003,2.3278413,Châtelet,14.809980206747149,0.0,0.0
m tro 12 mairie d issy::48.8757::2.3278,Métro 12: Mairie d'Issy,48.8757485,2.3278358,Châtelet,14.81879235733833,0.0,0.0
m tro 12 front populaire::48.8757::2.3279,Métro 12: Front Populaire,48.8756604,2.3278562,Châtelet,14.867086868260305,0.0,0.0
m tro 13 saint denis ou asni res gennevilliers::48.8753::2.3255,Métro 13: Saint-Denis ou Asnières Gennevilliers,48.8753174,2.3254576,Châtelet,14.883548230388172,0.0,0.0
m tro 13 ch tillon montrouge::48.8754::2.3255,Métro 13: Châtillon-Montrouge,48.8754251,2.3255373,Châtelet,14.915651325387785,0.0,0.0
saint sulpice::48.8511::2.3307,Saint-Sulpice,48.8511173,2.3306673,Châtelet,14.927946524012688,0.0,104280.33405536143
maubert mutualit::48.8501::2.3484,Maubert - Mutualité,48.8501068,2.3483706,Châtelet,14.976190816959733,0.0,104977.06639154584
bastille::48.8532::2.3686,Bastille,48.8532438,2.3685718,Châtelet,15.00044669170958,0.0,0.0
richelieu drouot::48.8722::2.3388,Richelieu - Drouot,48.8721853,2.3387937,Châtelet,15.014957254942479,0.0,0.0
bastille::48.8533::2.3685,Bastille,48.8532534,2.3685271,Châtelet,15.016231773852372,0.0,0.0
bonne nouvelle::48.8704::2.3489,Bonne Nouvelle,48.8704306,2.3489269,Châtelet,15.025602720844697,0.0,109066.73702958818
bonne nouvelle::48.8705::2.3489,Bonne Nouvelle,48.8704745,2.3489445,Châtelet,15.026241766600565,0.0,0.0
havre caumartin::48.8736::2.3283,Havre - Caumartin,48.873632,2.3283124,Châtelet,15.097978549418265,0.0,0.0
temple::48.8665::2.3609,Temple,48.866548,2.3608665,Châtelet,15.101314682732927,0.0,0.0
sully morland::48.8514::2.3618,Sully - Morland,48.8513954,2.3618174,Châtelet,15.11929453601844,0.0,102213.44835560846
r publique::48.868::2.3651,République,48.8680102,2.3651079,Châtelet,15.223328784568753,0.0,0.0
s vres babylone::48.8516::2.3273,Sèvres-Babylone,48.8516134,2.3273358,Châtelet,15.333258988612876,0.0,0.0
bercy::48.8403::2.3806,Bercy,48.8403052,2.3806011,Châtelet,15.36623128862066,0.0,0.0
gare de lyon::48.8459::2.3738,Gare de Lyon,48.8458762,2.3737786,Châtelet,15.371437212278385,0.0,0.0
gare de lyon::48.8458::2.3738,Gare de Lyon,48.845849,2.3737852,Châtelet,15.377165285408072,0.0,0.0
havre caumartin::48.8738::2.3274,Havre - Caumartin,48.8737533,2.3274302,Châtelet,15.394097036146272,0.0,0.0
saint lazare::48.8754::2.3261,Saint-Lazare,48.875448,2.3260889,Châtelet,15.408479227920495,0.0,0.0
r publique::48.8676::2.3627,République,48.8676057,2.3627064,Châtelet,15.582941084373429,0.0,0.0
r publique::48.8677::2.3628,République,48.8676863,2.3628322,Châtelet,15.594119347412239,0.0,0.0
r publique::48.8677::2.3629,République,48.8677455,2.3629133,Châtelet,15.601122851466625,0.0,0.0
bastille::48.8537::2.3692,Bastille,48.8536788,2.3691871,Châtelet,15.65093204223794,0.0,0.0
bourse::48.8687::2.3414,Bourse,48.8686539,2.3413537,Châtelet,15.73893384733722,0.0,109878.16926963464
europe::48.8788::2.3223,Europe,48.8787676,2.3222643,Châtelet,15.79067281448011,0.0,99244.87198899727
s vres babylone::48.8516::2.3268,Sèvres-Babylone,48.8516234,2.3268345,Châtelet,15.791955610204015,0.0,0.0
grands boulevards::48.8714::2.3436,Grands Boulevards,48.8714331,2.3435718,Châtelet,15.86374794274159,0.0,0.0
champs lys es clemenceau::48.8675::2.3141,Champs-Élysées - Clemenceau,48.8674812,2.3140629,Châtelet,15.969935273142728,0.0,0.0
gare de l est m tro 4::48.8765::2.3577,Gare de l'Est (Métro 4),48.8764681,2.3577315,Châtelet,16.034404460596267,0.0,0.0
cadet::48.876::2.3447,Cadet,48.8760479,2.344683,Châtelet,16.093990240798878,0.0,0.0
cadet::48.876::2.3443,Cadet,48.8759722,2.3442896,Châtelet,16.1064484230754,0.0,0.0
gare de l est::48.8769::2.3579,Gare de L'Est,48.8768718,2.3578878,Châtelet,16.110280446685433,0.0,0.0
li ge::48.8796::2.327,Liège,48.8796037,2.3270241,Châtelet,16.136023550077223,0.0,0.0
gare de l est m tro 4::48.8765::2.3579,Gare de l'Est (Métro 4),48.8764622,2.3578754,Châtelet,16.166204584596393,0.0,0.0
li ge::48.8796::2.3271,Liège,48.8796039,2.3270703,Châtelet,16.178255085805052,0.0,102560.82730327664
saint augustin::48.8745::2.3218,Saint-Augustin,48.874471,2.3217921,Châtelet,16.21791149019989,0.0,0.0
trinit d estienne d orves::48.8764::2.3326,Trinité d'Estienne d'Orves,48.8763613,2.3326341,Châtelet,16.248856925491108,0.0,0.0
gare de l est::48.8765::2.358,Gare de L'Est,48.8764859,2.3580397,Châtelet,16.317226586032753,0.0,0.0
r publique::48.8672::2.3644,République,48.8671878,2.3643917,Châtelet,16.323348583163032,0.0,0.0
m tro 5 bobigny::48.8679::2.3639,Métro 5 - Bobigny,48.8679222,2.3638965,Châtelet,16.337639562902385,0.0,0.0
r publique::48.8679::2.3639,République,48.8678868,2.3638832,Châtelet,16.356126868912963,0.0,0.0
gare de l est::48.8764::2.3581,Gare de L'Est,48.8763641,2.3581276,Châtelet,16.42428360506441,0.0,0.0
assembl e nationale::48.8606::2.3212,Assemblée Nationale,48.8605772,2.3211703,Châtelet,16.43964110047304,0.0,105507.25053982921
br guet sabin::48.8566::2.3704,Bréguet-Sabin,48.8566333,2.3704333,Châtelet,16.457647680597702,0.0,0.0
michel debr::48.8522::2.3307,Michel Debré,48.8522358,2.3306689,Châtelet,16.48259128087469,0.0,0.0
saint augustin::48.8745::2.3213,Saint-Augustin,48.8745333,2.3213099,Châtelet,16.536911638092576,0.0,0.0
cardinal lemoine::48.8465::2.3518,Cardinal Lemoine,48.8465067,2.351764,Châtelet,16.557486813022827,0.0,0.0
cour saint milion::48.8335::2.386,Cour Saint-Émilion,48.8335481,2.3859541,Châtelet,16.5863762039741,0.0,66754.81438829353
saint placide::48.8471::2.327,Saint-Placide,48.8471088,2.3269988,Châtelet,16.596144049434514,0.0,0.0
gare de l est::48.8761::2.3577,Gare de L'Est,48.8760526,2.3577216,Châtelet,16.61199401583319,0.0,0.0
miromesnil::48.8738::2.3145,Miromesnil,48.8737853,2.3145042,Châtelet,16.64085280214547,0.0,0.0
champs elys es cl menceau::48.8672::2.3135,Champs-Elysées - Clémenceau,48.8671799,2.3134566,Châtelet,16.66468769095236,0.0,0.0
champs lys es clemenceau::48.8672::2.3134,Champs-Élysées - Clemenceau,48.8671697,2.3134048,Châtelet,16.71122360406041,0.0,0.0
gare de l est m tro 5::48.8763::2.3585,Gare de l'Est (Métro 5),48.876325,2.3584968,Châtelet,16.76172188179205,0.0,0.0
gare de l est m tro 5::48.8762::2.3585,Gare de l'Est (Métro 5),48.8762411,2.3584632,Châtelet,16.773963486798223,0.0,0.0
gare de l est m tro 7::48.8764::2.3586,Gare de l'Est (Métro 7),48.8764333,2.3585561,Châtelet,16.78975487128624,0.0,0.0
invalides::48.8603::2.3147,Invalides,48.8603353,2.3146799,Châtelet,16.797704699725763,0.0,0.0
gare de l est m tro 7::48.8765::2.3586,Gare de l'Est (Métro 7),48.8765174,2.3585871,Châtelet,16.81953824768258,0.0,0.0
ligne 9 pont de s vres::48.8737::2.3147,Ligne 9 : Pont de Sèvres,48.8737406,2.3147231,Châtelet,16.85039181545682,0.0,0.0
goncourt::48.87::2.3712,Goncourt,48.8700088,2.3712019,Châtelet,16.85225412044944,0.0,0.0
goncourt::48.8701::2.3712,Goncourt,48.8700572,2.3711766,Châtelet,16.855869812553777,0.0,101145.8901396329
ligne 9 mairie de montreuil::48.8737::2.3148,Ligne 9 : Mairie de Montreuil,48.8736775,2.31475,Châtelet,16.910934676942507,0.0,0.0
vaneau::48.8491::2.3219,Vaneau,48.8491211,2.3218798,Châtelet,16.940862213143447,0.0,100859.35386445536
invalides::48.8603::2.3144,Invalides,48.8603199,2.3143782,Châtelet,17.074418842935717,0.0,0.0
quai de la rap e::48.8465::2.3659,Quai de la Rapée,48.8464731,2.3658858,Châtelet,17.123559579486237,0.0,0.0
gare de l est::48.8762::2.3589,Gare de L'Est,48.8762264,2.3588693,Châtelet,17.127424017555178,0.0,0.0
miromesnil::48.8733::2.3145,Miromesnil,48.8733471,2.3145323,Châtelet,17.143334466820615,0.0,0.0
chemin vert::48.8574::2.3681,Chemin Vert,48.8574434,2.3681408,Châtelet,17.151895644895333,0.0,0.0
rennes::48.8482::2.3277,Rennes,48.8482089,2.3277369,Châtelet,17.222026968398517,0.0,0.0
rennes::48.8482::2.3278,Rennes,48.8482145,2.3277854,Châtelet,17.222047064751873,0.0,0.0
rue du bac::48.8552::2.3258,Rue du Bac,48.855187,2.3257952,Châtelet,17.253986659633785,0.0,0.0
quai de la gare::48.8372::2.3732,Quai de la Gare,48.8371778,2.3731656,Châtelet,17.255880742699738,0.0,88957.44290134213
jussieu::48.846::2.3548,Jussieu,48.8459626,2.354801,Châtelet,17.26833899989123,0.0,0.0
pont cardinet::48.8895::2.3153,Pont Cardinet,48.8895077,2.3152622,Châtelet,17.281454521946976,0.0,84628.2353561773
miromesnil::48.8738::2.3152,Miromesnil,48.8737982,2.3152151,Châtelet,17.290996992770943,0.0,0.0
gare de l est::48.8765::2.3591,Gare de L'Est,48.8764524,2.3591169,Châtelet,17.3010422138221,0.0,0.0
dugommier::48.839::2.3897,Dugommier,48.8390096,2.389702,Châtelet,17.31879287424162,0.0,76558.71482614268
filles du calvaire::48.8633::2.3666,Filles du Calvaire,48.8633194,2.3666323,Châtelet,17.331488735052766,0.0,0.0
quai de la gare::48.8369::2.3725,Quai de la Gare,48.8368663,2.372465,Châtelet,17.365046318292027,0.0,0.0
ledru rollin::48.8513::2.376,Ledru-Rollin,48.8512945,2.3760274,Châtelet,17.400399293799484,0.0,0.0
oberkampf::48.8641::2.3695,Oberkampf,48.8641124,2.3695433,Châtelet,17.45040578562159,0.0,0.0
poissonni re::48.8772::2.3487,Poissonnière,48.8771574,2.348725,Châtelet,17.474299936587123,0.0,0.0
poissonni re::48.8772::2.3492,Poissonnière,48.8772375,2.3492347,Châtelet,17.476089687934465,0.0,103062.30767360487
villiers::48.8811::2.315,Villiers,48.8810516,2.3149569,Châtelet,17.584751451480013,0.0,0.0
poissonni re::48.8771::2.3488,Poissonnière,48.8770811,2.3487649,Châtelet,17.586448911342988,0.0,0.0
reuilly diderot::48.8472::2.385,Reuilly - Diderot,48.8471527,2.3849968,Châtelet,17.591565394667573,0.0,0.0
oberkampf::48.8641::2.3694,Oberkampf,48.8640529,2.3694165,Châtelet,17.59282052804212,0.0,0.0
reuilly diderot::48.8471::2.385,Reuilly - Diderot,48.8471384,2.3850019,Châtelet,17.597536655328298,0.0,0.0
franklin d roosevelt::48.8697::2.3081,Franklin D. Roosevelt,48.8696502,2.3080536,Châtelet,17.60482533684428,0.0,0.0
villiers::48.8811::2.3153,Villiers,48.8810586,2.3152639,Châtelet,17.605831570341422,0.0,0.0
oberkampf::48.864::2.3694,Oberkampf,48.8640448,2.369404,Châtelet,17.608683579371583,0.0,0.0
notre dame de lorette::48.876::2.3374,Notre-Dame de Lorette,48.8760405,2.337422,Châtelet,17.61029988336839,0.0,0.0
solf rino::48.8587::2.323,Solférino,48.858657,2.3229936,Châtelet,17.63391561425979,0.0,0.0
place de clichy::48.8835::2.3273,Place de Clichy,48.8834903,2.3272789,Châtelet,17.649385285642563,0.0,0.0
gare du nord::48.8799::2.3552,Gare du Nord,48.8798684,2.355223,Châtelet,17.66714084231648,0.0,0.0
villiers::48.8811::2.3149,Villiers,48.8811145,2.314915,Châtelet,17.680199293230853,0.0,0.0
franklin d roosevelt::48.8698::2.3075,Franklin D. Roosevelt,48.8698013,2.3074792,Châtelet,17.683996296421903,0.0,0.0
villiers::48.8811::2.3152,Villiers,48.8811242,2.3152361,Châtelet,17.700486042346913,0.0,0.0
ch teau landon::48.8789::2.3624,Château Landon,48.8789301,2.3623746,Châtelet,17.804105396625275,0.0,0.0
jacques bonsergent::48.8711::2.3608,Jacques Bonsergent,48.8711191,2.3607546,Châtelet,17.834622496210454,0.0,106094.93350715307
jussieu::48.8461::2.356,Jussieu,48.8461357,2.3559859,Châtelet,17.857511753958388,0.0,0.0
invalides::48.8596::2.3142,Invalides,48.8596358,2.3142152,Châtelet,17.85877276807014,0.0,0.0
ch teau landon::48.8789::2.3625,Château Landon,48.8788921,2.3624777,Châtelet,17.912140041717535,0.0,0.0
richard lenoir::48.8602::2.3721,Richard Lenoir,48.8602134,2.3720741,Châtelet,17.941399754715256,0.0,0.0
poissonni re::48.877::2.3483,Poissonnière,48.8770105,2.3482622,Châtelet,17.944054017285453,0.0,0.0
richard lenoir::48.8602::2.372,Richard Lenoir,48.8602225,2.3720252,Châtelet,17.957316938036463,0.0,101852.43745829597
gare du nord::48.8797::2.3564,Gare du Nord,48.8797004,2.3564351,Châtelet,18.096790503412496,0.0,0.0
montparnasse bienven e::48.8433::2.3258,Montparnasse-Bienvenüe,48.8432811,2.3258061,Châtelet,18.112868747976812,0.0,0.0
jussieu::48.846::2.3561,Jussieu,48.8459629,2.3560854,Châtelet,18.114358319544095,0.0,0.0
montparnasse bienven e::48.8436::2.325,Montparnasse-Bienvenüe,48.8435707,2.3249738,Châtelet,18.120460994201537,0.0,0.0
gare du nord m tro ligne 4::48.8798::2.3558,Gare du Nord (Métro ligne 4),48.8798267,2.355835,Châtelet,18.2295513129052,0.0,0.0
gare du nord m tro ligne 4::48.8797::2.3558,Gare du Nord (Métro ligne 4),48.8797405,2.3558133,Châtelet,18.235252361339178,0.0,0.0
saint philippe du roule::48.8722::2.3101,Saint-Philippe du Roule,48.8722352,2.3100505,Châtelet,18.27191812719142,0.0,0.0
la tour maubourg::48.8576::2.3103,La Tour Maubourg,48.8575602,2.3103234,Châtelet,18.330554868263455,0.0,100029.88367558774
gare du nord::48.8805::2.3577,Gare du Nord,48.880495,2.3577207,Châtelet,18.33609248348866,0.0,0.0
parmentier::48.8654::2.3739,Parmentier,48.8653786,2.3739112,Châtelet,18.35239442519262,0.0,0.0
belleville::48.8719::2.3766,Belleville,48.8718926,2.3765708,Châtelet,18.387643026785106,0.0,0.0
belleville::48.8719::2.3765,Belleville,48.8719463,2.376533,Châtelet,18.390325879345006,0.0,0.0
saint s bastien froissart::48.8612::2.3672,Saint-Sébastien - Froissart,48.8611816,2.367234,Châtelet,18.508112022532956,0.0,0.0
varenne::48.8566::2.315,Varenne,48.8565608,2.3150203,Châtelet,18.566696642103018,0.0,0.0
duroc::48.8466::2.316,Duroc,48.8466285,2.3159725,Châtelet,18.597007967611408,0.0,0.0
notre dame des champs::48.8447::2.3288,Notre-Dame des Champs,48.844688,2.3288305,Châtelet,18.6770764343069,0.0,0.0
gare du nord m tro ligne 5::48.8802::2.3575,Gare du Nord (Métro ligne 5),48.8801986,2.3574617,Châtelet,18.677761458052117,0.0,0.0
gare d austerlitz::48.8423::2.3656,Gare d'Austerlitz,48.8423374,2.3655857,Châtelet,18.686017673289214,0.0,0.0
gare d austerlitz::48.8424::2.3656,Gare d'Austerlitz,48.842376,2.3655558,Châtelet,18.694810452891616,0.0,0.0
place monge::48.8429::2.3523,Place Monge,48.8429053,2.3522772,Châtelet,18.701075914711993,0.0,0.0
biblioth que fran ois mitterrand::48.8299::2.3767,Bibliothèque François Mitterrand,48.8299286,2.3767172,Châtelet,18.724904887040868,0.0,72530.4896327227
chevaleret::48.8351::2.3685,Chevaleret,48.8350849,2.3685496,Châtelet,18.729836739762952,0.0,0.0
place de clichy::48.8839::2.3284,Place de Clichy,48.8838977,2.3283678,Châtelet,18.79446149474952,0.0,0.0
gare du nord m tro ligne 5::48.8802::2.3576,Gare du Nord (Métro ligne 5),48.880163,2.35762,Châtelet,18.806642130850058,0.0,100220.03427950693
saint georges::48.8784::2.3374,Saint-Georges,48.8784211,2.3374155,Châtelet,18.827437064243092,0.0,0.0
saint georges::48.8784::2.3375,Saint-Georges,48.8784469,2.337458,Châtelet,18.83252180540484,0.0,0.0
chevaleret::48.8348::2.3677,Chevaleret,48.8348419,2.3677202,Châtelet,18.845368052768976,0.0,0.0
montparnasse bienven e::48.8437::2.3241,Montparnasse-Bienvenüe,48.8437259,2.3241126,Châtelet,18.93723624177695,0.0,0.0
daumesnil::48.8396::2.3966,Daumesnil,48.8395509,2.3965751,Châtelet,18.962792759015684,0.0,0.0
daumesnil::48.8395::2.3966,Daumesnil,48.8395151,2.3965874,Châtelet,18.96356442058157,0.0,0.0
gare du nord::48.8799::2.3574,Gare du Nord,48.8799047,2.3573695,Châtelet,18.996873185779435,0.0,0.0
belleville::48.8724::2.3765,Belleville,48.8724218,2.3765381,Châtelet,19.051257170550045,0.0,0.0
louis blanc::48.8812::2.3643,Louis Blanc,48.8812299,2.3643081,Châtelet,19.069770072029236,0.0,0.0
porte de clichy::48.8948::2.3132,Porte de Clichy,48.8948169,2.3132215,Châtelet,19.106012012433155,0.0,0.0
saint ambroise::48.8611::2.3748,Saint-Ambroise,48.8610516,2.3747956,Châtelet,19.106191884885234,0.0,0.0
place de clichy::48.884::2.3286,Place de Clichy,48.8840328,2.3286431,Châtelet,19.1065423844038,0.0,0.0
la fourche::48.887::2.3258,La Fourche,48.8870102,2.3258261,Châtelet,19.11506893449844,0.0,0.0
louis blanc::48.8809::2.3649,Louis Blanc,48.8809471,2.3649209,Châtelet,19.174010751403625,0.0,0.0
malesherbes::48.8828::2.3093,Malesherbes,48.8827976,2.3093249,Châtelet,19.19474320401214,0.0,0.0
louis blanc::48.8809::2.365,Louis Blanc,48.8809204,2.3649637,Châtelet,19.227934368219408,0.0,0.0
faidherbe chaligny::48.8502::2.3842,Faidherbe — Chaligny,48.8501609,2.3842222,Châtelet,19.231652248828198,0.0,91290.09454347444
malesherbes::48.883::2.3086,Malesherbes,48.8829778,2.3086223,Châtelet,19.235329138328716,0.0,0.0
monceau::48.8803::2.3086,Monceau,48.8802931,2.3085943,Châtelet,19.261621436692195,0.0,0.0
rome::48.8822::2.3213,Rome,48.8822428,2.3213306,Châtelet,19.287172581225835,0.0,0.0
monceau::48.8803::2.3088,Monceau,48.8803039,2.3088024,Châtelet,19.296176985241736,0.0,94112.02508017623
rome::48.8823::2.3217,Rome,48.8822818,2.3216595,Châtelet,19.309932987674507,0.0,0.0
vavin::48.8423::2.3289,Vavin,48.8422773,2.3289426,Châtelet,19.313275776383605,0.0,0.0
varenne::48.8559::2.3149,Varenne,48.8558895,2.3149112,Châtelet,19.349366805979113,0.0,0.0
george v::48.8721::2.3004,George V,48.8720617,2.3004148,Châtelet,19.447954498732663,0.0,92471.16541449264
reuilly diderot::48.8471::2.387,Reuilly — Diderot,48.8471031,2.387048,Châtelet,19.46901510854332,0.0,0.0
franklin d roosevelt::48.869::2.3099,Franklin D. Roosevelt,48.8690339,2.3099266,Châtelet,19.51955882410915,0.0,99508.69433263685
montparnasse bienven e::48.844::2.3236,Montparnasse-Bienvenüe,48.8439669,2.3235535,Châtelet,19.531555349772365,0.0,0.0
porte de clichy::48.8945::2.3134,Porte de Clichy,48.8944638,2.3133794,Châtelet,19.617569608705512,0.0,0.0
porte de clichy::48.8945::2.3135,Porte de Clichy,48.8944819,2.3134568,Châtelet,19.618889472051904,0.0,0.0
duroc::48.8474::2.3162,Duroc,48.8474016,2.316228,Châtelet,19.69668744121413,0.0,0.0
gare d austerlitz::48.8425::2.3644,Gare d'Austerlitz,48.842451,2.3644303,Châtelet,19.72963931491155,0.0,0.0
gare d austerlitz::48.8424::2.3644,Gare d'Austerlitz,48.8424402,2.3643937,Châtelet,19.761594328928407,0.0,0.0
franklin d roosevelt::48.8681::2.3085,Franklin D. Roosevelt,48.8681155,2.308509,Châtelet,19.77821566484304,0.0,0.0
nation::48.8478::2.3961,Nation,48.8478106,2.3961006,Châtelet,19.781197147211802,0.0,0.0
rue saint maur::48.8643::2.3795,Rue Saint-Maur,48.8643338,2.3794812,Châtelet,19.850056219999278,0.0,0.0
cole militaire::48.8547::2.3061,École Militaire,48.8546647,2.3060728,Châtelet,19.870482421853055,0.0,0.0
censier daubenton::48.8406::2.3519,Censier - Daubenton,48.8406473,2.3519334,Châtelet,19.896374039556164,0.0,95573.0822501951
daumesnil::48.8398::2.3956,Daumesnil,48.8397855,2.3955922,Châtelet,19.91926152771774,0.0,0.0
nation::48.848::2.3959,Nation,48.847983,2.3959169,Châtelet,20.073860843628168,0.0,0.0
barb s rochechouart::48.8838::2.3495,Barbès - Rochechouart,48.8837837,2.3495072,Châtelet,20.106339562386925,0.0,0.0
blanche::48.8835::2.3336,Blanche,48.8834886,2.3336343,Châtelet,20.228756795893332,0.0,0.0
nationale::48.8333::2.3632,Nationale,48.8332966,2.3631577,Châtelet,20.259687645999104,0.0,0.0
duroc::48.8478::2.316,Duroc,48.8478386,2.3160241,Châtelet,20.279632291540153,0.0,0.0
saint fran ois xavier::48.8515::2.3144,Saint-François-Xavier,48.8514925,2.3144382,Châtelet,20.314066347123227,0.0,0.0
blanche::48.8834::2.3337,Blanche,48.8834378,2.3336985,Châtelet,20.320565797861793,0.0,0.0
nation::48.8477::2.3955,Nation,48.8477167,2.3955268,Châtelet,20.322016324051503,0.0,0.0
pigalle::48.8822::2.3372,Pigalle,48.8822192,2.3371717,Châtelet,20.32338807899736,0.0,0.0
pyr n es::48.8739::2.3853,Pyrénées,48.8738816,2.3852852,Châtelet,20.32815549904749,0.0,86582.10465489142
bel air::48.8411::2.4008,Bel-Air,48.8410582,2.4007843,Châtelet,20.331657965149486,0.0,68998.95802688076
nationale::48.8331::2.3625,Nationale,48.8330974,2.3624655,Châtelet,20.35552842259517,0.0,0.0
nation::48.8476::2.3955,Nation,48.8476425,2.3955087,Châtelet,20.370853813761588,0.0,0.0
bel air::48.8417::2.401,Bel-Air,48.8416557,2.4010443,Châtelet,20.426129079771798,0.0,0.0
falgui re::48.8446::2.3185,Falguière,48.8446074,2.3184705,Châtelet,20.436098525767058,0.0,0.0
saint marcel::48.8383::2.3608,Saint-Marcel,48.8382761,2.3608491,Châtelet,20.440661920768896,0.0,93120.11219312037
s gur::48.847::2.3075,Ségur,48.8469898,2.3074817,Châtelet,20.4457279455327,0.0,0.0
saint fran ois xavier::48.8514::2.3144,Saint-François-Xavier,48.851398,2.3144012,Châtelet,20.449704519328176,0.0,95622.0299450196
courcelles::48.8794::2.3044,Courcelles,48.8793962,2.3043746,Châtelet,20.58389304297825,0.0,0.0
courcelles::48.8794::2.3046,Courcelles,48.8794125,2.3045884,Châtelet,20.617417187817104,0.0,0.0
couronnes::48.8691::2.3805,Couronnes,48.869062,2.3804698,Châtelet,20.633225527664983,0.0,94515.39710017965
couronnes::48.869::2.3804,Couronnes,48.8690407,2.3804391,Châtelet,20.634140189339618,0.0,0.0
wagram::48.884::2.3037,Wagram,48.884005,2.3037188,Châtelet,20.64939126444843,0.0,0.0
wagram::48.8839::2.3041,Wagram,48.8838926,2.3041104,Châtelet,20.651082794399226,0.0,0.0
barb s rochechouart::48.8838::2.3501,Barbès - Rochechouart,48.8837969,2.3501165,Châtelet,20.66354567533721,0.0,0.0
voltaire::48.8582::2.3798,Voltaire,48.8581563,2.3798039,Châtelet,20.716901946341046,0.0,95231.40552637544
raspail::48.8389::2.3308,Raspail,48.838936,2.33083,Châtelet,20.762771236892316,0.0,96166.40269794936
jaur s::48.8822::2.371,Jaurès,48.8821884,2.3710498,Châtelet,20.801768443349275,0.0,0.0
brochant::48.8906::2.3202,Brochant,48.8905947,2.3201948,Châtelet,20.87632354012046,0.0,89226.27832038775
raspail::48.8389::2.3307,Raspail,48.8389103,2.3306962,Châtelet,20.89028078044092,0.0,94861.61896144434
montgallet::48.8443::2.3902,Montgallet,48.844304,2.3901962,Châtelet,20.90235906361685,0.0,0.0
stalingrad::48.8852::2.3702,Stalingrad,48.8851627,2.3702373,Châtelet,20.9064684495853,0.0,0.0
olympiades::48.827::2.3664,Olympiades,48.8270333,2.3664158,Châtelet,20.92183236983394,0.0,77314.4576821256
stalingrad::48.8844::2.366,Stalingrad,48.8844158,2.3660072,Châtelet,20.923298365117745,0.0,0.0
falgui re::48.8445::2.3179,Falguière,48.8445042,2.317932,Châtelet,20.949137398357422,0.0,0.0
charles de gaulle toile::48.8744::2.2954,Charles de Gaulle - Étoile,48.8743946,2.2953888,Châtelet,20.99189126098562,0.0,0.0
guy m quet::48.8927::2.3273,Guy Môquet,48.8927276,2.327315,Châtelet,21.003300694627683,0.0,0.0
colonel fabien::48.8774::2.371,Colonel Fabien,48.8774215,2.3710197,Châtelet,21.01358220004948,0.0,0.0
guy m quet::48.8927::2.3274,Guy Môquet,48.8927239,2.3273521,Châtelet,21.037592094949396,0.0,92187.34373700863
barb s rochechouart::48.8839::2.3505,Barbès - Rochechouart,48.8838537,2.350547,Châtelet,21.06168999948254,0.0,0.0
barb s rochechouart::48.8838::2.3506,Barbès - Rochechouart,48.88378,2.3505588,Châtelet,21.0675223929361,0.0,0.0
charles de gaulle toile::48.8746::2.2949,Charles de Gaulle - Étoile,48.874605,2.2948758,Châtelet,21.070285358886693,0.0,0.0
charles de gaulle toile::48.8745::2.2954,Charles de Gaulle - Étoile,48.8744695,2.2954355,Châtelet,21.104411146495867,0.0,0.0
charles de gaulle toile::48.8743::2.2954,Charles de Gaulle - Étoile,48.874311,2.2954313,Châtelet,21.114413346678937,0.0,0.0
charles de gaulle toile::48.8742::2.2954,Charles de Gaulle - Étoile,48.8742492,2.2953761,Châtelet,21.194321253877376,0.0,0.0
charles de gaulle toile::48.8745::2.2955,Charles de Gaulle - Étoile,48.8745451,2.2954594,Châtelet,21.21080694751314,0.0,0.0
edgar quinet::48.8411::2.3251,Edgar Quinet,48.8410969,2.3250718,Châtelet,21.22219083730329,0.0,0.0
stalingrad::48.8843::2.3663,Stalingrad,48.884268,2.3663299,Châtelet,21.282736855457784,0.0,0.0
charles de gaulle toile::48.8744::2.295,Charles de Gaulle - Étoile,48.8744156,2.2949579,Châtelet,21.344029290842975,0.0,0.0
nation::48.849::2.3961,Nation,48.8489546,2.3961067,Châtelet,21.371294386815038,0.0,0.0
ch teau rouge::48.8869::2.3496,Château Rouge,48.8868654,2.3495534,Châtelet,21.461079660590077,0.0,0.0
barb s rochechouart::48.8838::2.351,Barbès - Rochechouart,48.8838331,2.3509964,Châtelet,21.469207844692402,0.0,0.0
stalingrad::48.8842::2.3666,Stalingrad,48.8842312,2.3665514,Châtelet,21.482975160453652,0.0,0.0
p re lachaise::48.863::2.3864,Père Lachaise,48.8630289,2.3863841,Châtelet,21.52719775898233,0.0,0.0
charles de gaulle toile::48.8743::2.2959,Charles de Gaulle - Étoile,48.8742585,2.2959396,Châtelet,21.529783218797725,0.0,0.0
montparnasse bienven e::48.8426::2.3208,Montparnasse-Bienvenüe,48.8425778,2.3207939,Châtelet,21.561866784026396,0.0,0.0
avron::48.8515::2.3982,Avron,48.8515032,2.3982405,Châtelet,21.576963300902513,0.0,75374.57913324438
abbesses::48.8848::2.3386,Abbesses,48.8848047,2.3386424,Châtelet,21.615062803298272,0.0,0.0
les gobelins::48.8356::2.3527,Les Gobelins,48.8356304,2.3526735,Châtelet,21.635451674172785,0.0,0.0
jourdain::48.8751::2.3893,Jourdain,48.8750785,2.3892802,Châtelet,21.644723627137523,0.0,0.0
jourdain::48.8751::2.3892,Jourdain,48.8751086,2.3892456,Châtelet,21.64704715592351,0.0,0.0
charles de gaulle toile::48.8748::2.2958,Charles de Gaulle - Étoile,48.8747915,2.2957872,Châtelet,21.652937361979433,0.0,0.0
charles de gaulle toile::48.8748::2.2957,Charles de Gaulle - Étoile,48.8748407,2.2956732,Châtelet,21.66424401104871,0.0,0.0
pigalle::48.8822::2.3387,Pigalle,48.882203,2.3386705,Châtelet,21.67586722198819,0.0,0.0
michel bizot::48.8371::2.4025,Michel Bizot,48.8370694,2.4024586,Châtelet,21.703912383833433,0.0,0.0
alma marceau::48.8649::2.3003,Alma-Marceau,48.8648683,2.300292,Châtelet,21.765551213855478,0.0,92957.55270380415
jaur s::48.8817::2.3702,Jaurès,48.8817325,2.3702229,Châtelet,21.788076325756954,0.0,95508.64404406432
pigalle::48.8821::2.3393,Pigalle,48.8820827,2.3392505,Châtelet,21.834744367384772,0.0,103859.59783996856
picpus::48.8452::2.4005,Picpus,48.845163,2.4005216,Châtelet,21.867656111947145,0.0,0.0
la motte picquet grenelle::48.85::2.2992,La Motte-Picquet - Grenelle,48.8500344,2.2992367,Châtelet,21.88721687771122,0.0,0.0
place d italie::48.8312::2.3571,Place d'Italie,48.8311966,2.357079,Châtelet,21.89496892022517,0.0,80837.70181540385
campo formio::48.8351::2.3582,Campo-Formio,48.8351097,2.3582211,Châtelet,21.89866087791912,0.0,0.0
la motte picquet grenelle::48.85::2.2993,La Motte-Picquet - Grenelle,48.8500209,2.2992781,Châtelet,21.929476566342807,0.0,88871.36748897252
m nilmontant::48.8667::2.3833,Ménilmontant,48.8666974,2.3833173,Châtelet,21.975284513958087,0.0,0.0
m nilmontant::48.8667::2.3834,Ménilmontant,48.8667079,2.3833739,Châtelet,21.978120570681273,0.0,0.0
pasteur::48.843::2.3128,Pasteur,48.8430045,2.3128216,Châtelet,21.980512047159625,0.0,0.0
bolivar::48.8809::2.3739,Bolivar,48.8809263,2.3739077,Châtelet,21.995997433580325,0.0,0.0
ternes::48.8783::2.2991,Ternes,48.8782859,2.2990808,Châtelet,22.05095229066181,0.0,0.0
ternes::48.8783::2.2994,Ternes,48.8783169,2.2993806,Châtelet,22.073026453437304,0.0,87463.12034204246
porte de vincennes::48.8474::2.4081,Porte de Vincennes,48.8473598,2.4080898,Châtelet,22.081882358051722,0.0,66538.9747611378
porte de vincennes::48.8473::2.4081,Porte de Vincennes,48.8473335,2.4080861,Châtelet,22.087278821957856,0.0,0.0
montparnasse bienven e::48.8433::2.3206,Montparnasse-Bienvenüe,48.8433248,2.3205753,Châtelet,22.092611008738647,0.0,0.0
charles de gaulle toile::48.8751::2.296,Charles de Gaulle - Étoile,48.8750825,2.2960068,Châtelet,22.102466015296987,0.0,0.0
pereire::48.8848::2.2983,Pereire,48.8848146,2.2982736,Châtelet,22.119746421668374,0.0,78662.94107124094
saint ouen::48.9048::2.3222,Saint-Ouen,48.9047855,2.3221929,Châtelet,22.128806674205755,0.0,76301.27982617608
pereire::48.8847::2.2986,Pereire,48.8847303,2.2985947,Châtelet,22.13153608807059,0.0,0.0
mairie de clichy::48.9032::2.3059,Mairie de Clichy,48.9032009,2.3059341,Châtelet,22.332703235393197,0.0,0.0
mairie de clichy::48.9036::2.3057,Mairie de Clichy,48.9036038,2.3056627,Châtelet,22.42188816813315,0.0,0.0
denfert rochereau::48.8343::2.3323,Denfert-Rochereau,48.8343079,2.3323131,Châtelet,22.440908437582976,0.0,0.0
charonne::48.8547::2.3854,Charonne,48.8547441,2.3853565,Châtelet,22.447834737277017,0.0,0.0
to asni res::48.9032::2.3061,To Asnières,48.9032492,2.3060545,Châtelet,22.461574301756915,0.0,0.0
riquet::48.8885::2.3742,Riquet,48.8884812,2.3742226,Châtelet,22.486197569268857,0.0,85760.2897995705
denfert rochereau::48.8343::2.3324,Denfert-Rochereau,48.8343128,2.3323747,Châtelet,22.497676933367263,0.0,0.0
jaur s::48.8833::2.3724,Jaurès,48.8833127,2.372397,Châtelet,22.525752019496917,0.0,0.0
denfert rochereau::48.8344::2.3327,Denfert-Rochereau,48.8343606,2.3327497,Châtelet,22.57161563392113,0.0,0.0
denfert rochereau::48.8343::2.3327,Denfert-Rochereau,48.8343425,2.3327224,Châtelet,22.574026468781184,0.0,0.0
kl ber::48.871::2.293,Kléber,48.8709634,2.2929573,Châtelet,22.594795214067837,0.0,0.0
anvers::48.883::2.3446,Anvers,48.8829736,2.3446121,Châtelet,22.596743507642287,0.0,0.0
argentine::48.8755::2.2896,Argentine,48.8755232,2.2895868,Châtelet,22.637044087884895,0.0,79669.4420134339
porte de saint ouen::48.8972::2.3288,Porte de Saint-Ouen,48.8971935,2.3288215,Châtelet,22.650920404865502,0.0,0.0
montparnasse bienven e::48.8419::2.3199,Montparnasse-Bienvenüe,48.8419344,2.3199392,Châtelet,22.655109966809256,0.0,91735.72644927997
montparnasse bienven e::48.842::2.3199,Montparnasse-Bienvenüe,48.8419564,2.3199298,Châtelet,22.657338054938535,0.0,0.0
s vres lecourbe::48.8458::2.3091,Sèvres-Lecourbe,48.8457703,2.3090786,Châtelet,22.683286835136826,0.0,0.0
porte de saint ouen::48.8972::2.3289,Porte de Saint-Ouen,48.8971883,2.328869,Châtelet,22.68521599767704,0.0,78815.87300783704
la chapelle::48.8844::2.3599,La Chapelle,48.8844239,2.359948,Châtelet,22.688108787340962,0.0,0.0
kl ber::48.8716::2.2934,Kléber,48.8715549,2.2934481,Châtelet,22.68823349290949,0.0,0.0
stalingrad::48.8842::2.3679,Stalingrad,48.884169,2.3679379,Châtelet,22.72098515645615,0.0,0.0
mairie de clichy::48.903::2.3062,Mairie de Clichy,48.9029769,2.3061978,Châtelet,22.726382885109484,0.0,139685.81252411747
pasteur::48.8424::2.313,Pasteur,48.8424197,2.3129707,Châtelet,22.804710379197555,0.0,0.0
anvers::48.883::2.3449,Anvers,48.8830022,2.3448863,Châtelet,22.85050104071833,0.0,0.0
la chapelle::48.8844::2.3608,La Chapelle,48.8843973,2.3608142,Châtelet,22.973990852271225,0.0,0.0
place des f tes::48.8767::2.393,Place des Fêtes,48.8767438,2.3929935,Châtelet,22.974757628878894,0.0,0.0
buzenval::48.8518::2.4014,Buzenval,48.8518166,2.4013757,Châtelet,23.003487358526186,0.0,0.0
porte dor e::48.8353::2.4062,Porte Dorée,48.8352765,2.4061775,Châtelet,23.049302605934592,0.0,61019.910657651475
marcadet poissonniers::48.8911::2.3497,Marcadet - Poissonniers,48.8911394,2.3497396,Châtelet,23.050095060363113,0.0,92592.579030104
argentine::48.8753::2.2901,Argentine,48.8752975,2.2901,Châtelet,23.060528476654504,0.0,0.0
p re lachaise::48.8623::2.3877,Père Lachaise,48.8623307,2.3876838,Châtelet,23.06152454452923,0.0,0.0
p re lachaise::48.8623::2.3878,Père Lachaise,48.8623457,2.387756,Châtelet,23.100539484936796,0.0,0.0
maison blanche::48.8216::2.359,Maison Blanche,48.8215588,2.3589582,Châtelet,23.114821985821045,0.0,0.0
ga t::48.8386::2.3225,Gaîté,48.8386332,2.3224866,Châtelet,23.116179396292182,0.0,0.0
argentine::48.8754::2.2902,Argentine,48.8753756,2.2901562,Châtelet,23.18062617477784,0.0,0.0
place d italie::48.8308::2.3557,Place d'Italie,48.8308171,2.3557424,Châtelet,23.22682541596889,0.0,0.0
place d italie::48.8315::2.3553,Place d'Italie,48.8314671,2.3553302,Châtelet,23.271544776803793,0.0,0.0
rue des boulets::48.8526::2.3888,Rue des Boulets,48.8525808,2.3887914,Châtelet,23.303879751522732,0.0,83761.6956828757
maison blanche::48.8215::2.3588,Maison Blanche,48.8214633,2.3587867,Châtelet,23.320375002873263,0.0,68596.70871716285
place des f tes::48.8769::2.3933,Place des Fêtes,48.8769163,2.3932671,Châtelet,23.321225901571864,0.0,0.0
lamarck caulaincourt::48.8898::2.3388,Lamarck - Caulaincourt,48.8897543,2.3388254,Châtelet,23.336591675642048,0.0,93332.55498438615
i na::48.8646::2.2937,Iéna,48.8646131,2.2937335,Châtelet,23.363636971919632,0.0,0.0
alexandre dumas::48.8563::2.3945,Alexandre Dumas,48.8563062,2.3944977,Châtelet,23.386106908394677,0.0,0.0
volontaires::48.8415::2.308,Volontaires,48.8415194,2.3080031,Châtelet,23.417644997288765,0.0,86973.13661400699
avenue mile zola::48.847::2.2953,Avenue Émile Zola,48.8469916,2.2953111,Châtelet,23.464169322735557,0.0,0.0
porte de champerret::48.886::2.2941,Porte de Champerret,48.8860218,2.2941409,Châtelet,23.509616912154534,0.0,0.0
s vres lecourbe::48.8455::2.31,Sèvres-Lecourbe,48.8454973,2.3099551,Châtelet,23.515242747470406,0.0,0.0
marcadet poissonniers::48.8915::2.3497,Marcadet - Poissonniers,48.8914837,2.3497296,Châtelet,23.528737476032713,0.0,0.0
corvisart::48.8298::2.3505,Corvisart,48.8297902,2.350489,Châtelet,23.53984022983947,0.0,82892.22576051764
porte de champerret::48.8858::2.2931,Porte de Champerret,48.8858342,2.2931032,Châtelet,23.56624882183464,0.0,0.0
argentine::48.8751::2.2907,Argentine,48.87515,2.2906706,Châtelet,23.62099270903099,0.0,0.0
la motte picquet grenelle::48.8488::2.299,La Motte-Picquet - Grenelle,48.8487513,2.2989914,Châtelet,23.684701639596334,0.0,0.0
la motte picquet grenelle::48.8487::2.299,La Motte-Picquet - Grenelle,48.8487192,2.2989676,Châtelet,23.73175643098127,0.0,0.0
gambetta::48.8649::2.3978,Gambetta,48.864941,2.3978212,Châtelet,23.800512499504833,0.0,0.0
buttes chaumont::48.8784::2.3812,Buttes Chaumont,48.8783961,2.3812008,Châtelet,23.81007924543677,0.0,89210.62265898379
crim e::48.8909::2.3774,Crimée,48.8908513,2.3773681,Châtelet,23.853448124445887,0.0,80083.63389819482
mouton duvernet::48.8313::2.3298,Mouton-Duvernet,48.831293,2.329847,Châtelet,23.86281755569753,0.0,0.0
saint jacques::48.833::2.3366,Saint-Jacques,48.8330397,2.3366495,Châtelet,23.888109360618383,0.0,0.0
commerce::48.8447::2.2939,Commerce,48.8447112,2.2938643,Châtelet,23.891155558507222,0.0,0.0
mouton duvernet::48.8313::2.3299,Mouton-Duvernet,48.8312695,2.3299143,Châtelet,23.924151800533473,0.0,82185.33360538402
victor hugo::48.87::2.286,Victor Hugo,48.8699556,2.2860385,Châtelet,23.984338840141515,0.0,0.0
marcadet poissonniers::48.8913::2.3508,Marcadet - Poissonniers,48.8912909,2.3507565,Châtelet,24.002968699626706,0.0,0.0
gambetta::48.8649::2.3981,Gambetta,48.8649327,2.3980541,Châtelet,24.013777039235222,0.0,78469.72309935934
saint jacques::48.8328::2.3376,Saint-Jacques,48.8327635,2.3375557,Châtelet,24.020982809069515,0.0,0.0
saint mand::48.8465::2.4184,Saint-Mandé,48.8464526,2.4184443,Châtelet,24.180770754574866,0.0,0.0
saint mand::48.8464::2.4184,Saint-Mandé,48.846435,2.4184422,Châtelet,24.186148398730463,0.0,0.0
boissi re::48.867::2.2901,Boissière,48.8670347,2.2901145,Châtelet,24.198580029524276,0.0,0.0
cambronne::48.8474::2.3034,Cambronne,48.847381,2.3033838,Châtelet,24.233208622273267,0.0,0.0
boissi re::48.867::2.2902,Boissière,48.8670218,2.2901561,Châtelet,24.240629798467342,0.0,0.0
laumi re::48.8852::2.3795,Laumière,48.8851633,2.3794612,Châtelet,24.256952031093903,0.0,0.0
victor hugo::48.8703::2.2869,Victor Hugo,48.8702821,2.2869021,Châtelet,24.358503782635132,0.0,84229.57647130569
cambronne::48.8477::2.3025,Cambronne,48.8476656,2.3025023,Châtelet,24.360363979002525,0.0,0.0
simplon::48.8938::2.3478,Simplon,48.8938481,2.3478412,Châtelet,24.38532776345434,0.0,0.0
mara chers::48.8527::2.4061,Maraîchers,48.8527067,2.4061147,Châtelet,24.38981525641421,0.0,0.0
t l graphe::48.8755::2.399,Télégraphe,48.8755226,2.3990317,Châtelet,24.540035490147226,0.0,0.0
porte d italie::48.8191::2.3595,Porte d'Italie,48.8190866,2.359533,Châtelet,24.546609435414805,0.0,66979.31792898248
porte de charenton::48.8331::2.4012,Porte de Charenton,48.8330612,2.4011868,Châtelet,24.576797694322632,0.0,60291.83187810874
philippe auguste::48.8582::2.3902,Philippe Auguste,48.8582324,2.3901529,Châtelet,24.676586446063084,0.0,0.0
philippe auguste::48.8583::2.3902,Philippe Auguste,48.8582563,2.3901666,Châtelet,24.71121865928695,0.0,87295.85036536469
botzaris::48.8795::2.3886,Botzaris,48.879514,2.3885871,Châtelet,24.8615394687413,0.0,81686.5389051408
pernety::48.834::2.3182,Pernety,48.83399,2.3181876,Châtelet,24.933157418437318,0.0,79459.50780900911
gambetta::48.8654::2.3989,Gambetta,48.8653873,2.3989183,Châtelet,24.979951646528885,0.0,0.0
tolbiac::48.8261::2.3574,Tolbiac,48.8260904,2.3573505,Châtelet,24.997098239268066,0.0,0.0
jules joffrin::48.8925::2.3446,Jules Joffrin,48.8924628,2.3446394,Châtelet,25.005901050139787,0.0,0.0
pr saint gervais::48.8802::2.3988,Pré Saint-Gervais,48.8802473,2.398843,Châtelet,25.043342034207196,0.0,73340.22939081924
louise michel::48.8882::2.2885,Louise Michel,48.8882429,2.2884698,Châtelet,25.111309974382525,0.0,0.0
vaugirard::48.8396::2.3013,Vaugirard,48.8395785,2.3012923,Châtelet,25.114319652919836,0.0,80846.88573734018
louise michel::48.8885::2.2883,Louise Michel,48.8884704,2.2883273,Châtelet,25.12081140000339,0.0,71663.93109420061
f lix faure::48.8427::2.2918,Félix Faure,48.8426775,2.2917792,Châtelet,25.122569158444126,0.0,0.0
trocad ro::48.8631::2.2862,Trocadéro,48.863136,2.2862322,Châtelet,25.124410351321888,0.0,0.0
garibaldi::48.9058::2.3317,Garibaldi,48.9057717,2.331713,Châtelet,25.125015819150242,0.0,0.0
garibaldi::48.9058::2.3318,Garibaldi,48.9057701,2.3317631,Châtelet,25.160073665438148,0.0,0.0
glaci re::48.831::2.3439,Glacière,48.8310052,2.3439327,Châtelet,25.171123971424635,0.0,0.0
dupleix::48.8503::2.2941,Dupleix,48.8502723,2.2940636,Châtelet,25.18450446474791,0.0,0.0
porte maillot::48.8782::2.2814,Porte Maillot,48.8781955,2.2814369,Châtelet,25.18457979304817,0.0,71137.70196137587
mairie de saint ouen::48.9132::2.3347,Mairie de Saint-Ouen,48.9132308,2.3346675,Châtelet,25.18850775402041,0.0,0.0
dupleix::48.8506::2.2932,Dupleix,48.8505691,2.2932004,Châtelet,25.263180672042534,0.0,80979.42707509961
glaci re::48.8313::2.3431,Glacière,48.8312571,2.3431315,Châtelet,25.282867872477947,0.0,83351.8696636065
al sia::48.828::2.327,Alésia,48.8280277,2.3270226,Châtelet,25.350148015233877,0.0,0.0
al sia::48.828::2.3271,Alésia,48.8280178,2.3270771,Châtelet,25.40188051129266,0.0,0.0
charles michels::48.8465::2.2859,Charles Michels,48.8465046,2.2858721,Châtelet,25.43678398730765,0.0,0.0
corentin cariou::48.8947::2.3823,Corentin Cariou,48.8947282,2.3823046,Châtelet,25.595590694404795,0.0,0.0
porte maillot::48.8778::2.2819,Porte Maillot,48.8778365,2.2818813,Châtelet,25.621809754829158,0.0,0.0
trocad ro::48.8638::2.2879,Trocadéro,48.8638281,2.2878506,Châtelet,25.68439125029644,0.0,0.0
trocad ro::48.8634::2.2875,Trocadéro,48.8633596,2.2874702,Châtelet,25.746433680294288,0.0,0.0
porte de montreuil::48.8535::2.4107,Porte de Montreuil,48.8535248,2.4106511,Châtelet,25.747134839894624,0.0,0.0
porte de bagnolet::48.8646::2.4072,Porte de Bagnolet,48.8645967,2.4071679,Châtelet,25.75892360145693,0.0,69186.1621586511
porte maillot::48.878::2.282,Porte Maillot,48.8779581,2.2819721,Châtelet,25.77468891100462,0.0,0.0
porte dauphine::48.8718::2.2774,Porte Dauphine,48.8718208,2.2774337,Châtelet,25.90370908470138,0.0,122384.06389817467
porte de clignancourt::48.8974::2.3449,Porte de Clignancourt,48.8973976,2.3448521,Châtelet,25.93145301460288,0.0,158907.90560405064
marx dormoy::48.8905::2.36,Marx Dormoy,48.8905061,2.3599967,Châtelet,25.955024598734838,0.0,90015.16143342944
porte de choisy::48.8201::2.3648,Porte de Choisy,48.8201241,2.3647858,Châtelet,26.00515770480154,0.0,0.0
ourcq::48.8871::2.3867,Ourcq,48.8870606,2.3866783,Châtelet,26.009840378298268,0.0,0.0
mairie de saint ouen::48.9126::2.3345,Mairie de Saint-Ouen,48.9125806,2.3345466,Châtelet,26.098967481712386,0.0,0.0
porte maillot::48.8777::2.2825,Porte Maillot,48.877686,2.2824531,Châtelet,26.184806391018988,0.0,0.0
gabriel p ri::48.9167::2.2942,Gabriel Péri,48.9167366,2.2942037,Châtelet,26.26777278552959,0.0,0.0
porte dauphine::48.8713::2.278,Porte Dauphine,48.8712533,2.2779573,Châtelet,26.278630510204522,0.0,75212.75664359657
le kremlin bic tre::48.8103::2.3622,Le Kremlin-Bicêtre,48.810328,2.3622359,Châtelet,26.30040254110675,0.0,104053.95353214504
b rault::48.8455::2.4293,Bérault,48.8454503,2.4292641,Châtelet,26.341747126503012,0.0,0.0
pelleport::48.8681::2.4013,Pelleport,48.8680997,2.4013152,Châtelet,26.345587544403735,0.0,77771.05429887219
b rault::48.8454::2.4293,Bérault,48.8454296,2.4292592,Châtelet,26.346852197833286,0.0,0.0
plaisance::48.8318::2.314,Plaisance,48.8317757,2.3140286,Châtelet,26.374088389051007,0.0,75332.6370591691
plaisance::48.8318::2.3141,Plaisance,48.8317522,2.3140548,Châtelet,26.414604498785312,0.0,0.0
h pital bic tre::48.81::2.3498,Hôpital Bicêtre,48.8099729,2.3498435,Châtelet,26.425222472930074,0.0,54455.185178584434
porte des lilas::48.8774::2.4074,Porte des Lilas,48.8774171,2.4074414,Châtelet,26.437252025462854,0.0,0.0
porte des lilas::48.8775::2.4074,Porte des Lilas,48.8774538,2.4074161,Châtelet,26.439255669704533,0.0,64582.478737594036
danube::48.8818::2.3942,Danube,48.8817585,2.3941904,Châtelet,26.45818848364547,0.0,0.0
boucicaut::48.8411::2.2879,Boucicaut,48.8410837,2.2879218,Châtelet,26.460764919213414,0.0,73691.8442932039
h pital bic tre::48.81::2.3499,Hôpital Bicêtre,48.809957,2.3498771,Châtelet,26.46309510246604,0.0,54276.88251041921
gabriel p ri::48.9165::2.2945,Gabriel Péri,48.9164665,2.2944828,Châtelet,26.5242395146174,0.0,0.0
convention::48.8373::2.2966,Convention,48.8373115,2.2966255,Châtelet,26.613434336333718,0.0,0.0
gabriel p ri::48.9165::2.2946,Gabriel Péri,48.9165155,2.2945573,Châtelet,26.62051622573665,0.0,0.0
anatole france::48.892::2.285,Anatole France,48.8920499,2.2850318,Châtelet,26.730110083584382,0.0,63997.02226790352
anatole france::48.8924::2.2848,Anatole France,48.8924028,2.2847551,Châtelet,26.769611145180942,0.0,0.0
libert::48.8264::2.4062,Liberté,48.8264064,2.406201,Châtelet,26.784455969748247,0.0,103857.30843276065
bir hakeim::48.8536::2.2896,Bir-Hakeim,48.853629,2.2896041,Châtelet,26.80937544241773,0.0,0.0
bir hakeim::48.8542::2.289,Bir-Hakeim,48.8542487,2.2890465,Châtelet,26.91262155455238,0.0,0.0
rue de la pompe::48.8641::2.2781,Rue de la Pompe,48.8640672,2.278149,Châtelet,26.933734963659397,0.0,75633.23408874829
mairie de saint ouen::48.912::2.334,Mairie de Saint-Ouen,48.9120351,2.333997,Châtelet,26.959724708897205,0.0,0.0
gabriel p ri::48.9162::2.2948,Gabriel Péri,48.9162494,2.2948401,Châtelet,26.968725929350395,0.0,0.0
porte d orl ans::48.8236::2.3256,Porte d'Orléans,48.823636,2.3256314,Châtelet,26.980456555908734,0.0,136818.88771987817
porte de la villette::48.8974::2.3856,Porte de la Villette,48.8974039,2.385591,Châtelet,27.020433158793754,0.0,131024.38456376572
javel andr citro n::48.8461::2.2783,Javel - André Citroën,48.8461368,2.2782955,Châtelet,27.167830018459686,0.0,72352.65140210665
m tro 10::48.8461::2.2782,Métro 10,48.8461415,2.2781809,Châtelet,27.27285732766559,0.0,0.0
porte d ivry::48.8213::2.37,Porte d'Ivry,48.8213334,2.3699632,Châtelet,27.46491498036508,0.0,64161.88491609284
gallieni::48.8649::2.4155,Gallieni,48.8649387,2.4154765,Châtelet,27.583538774522957,0.0,0.0
porte de pantin parc de la villette::48.8886::2.3927,Porte de Pantin (Parc de la Villette),48.8886492,2.3926738,Châtelet,27.59385985475856,0.0,73310.66792713161
gallieni::48.865::2.4155,Gallieni,48.8649547,2.415477,Châtelet,27.598296980207067,0.0,0.0
saint denis pleyel::48.9174::2.3466,Saint-Denis Pleyel,48.9173998,2.3466062,Châtelet,27.681911713963412,0.0,0.0
passy::48.8575::2.2858,Passy,48.8575366,2.2857933,Châtelet,27.697194045836746,0.0,0.0
passy::48.8573::2.2859,Passy,48.8573099,2.2859462,Châtelet,27.69973716209035,0.0,0.0
saint fargeau::48.8715::2.4043,Saint-Fargeau,48.8715218,2.4043104,Châtelet,27.870428099159653,0.0,68515.52811015784
passy::48.8577::2.2856,Passy,48.8576538,2.2856493,Châtelet,27.906664209158563,0.0,84682.43500584867
les sablons::48.8811::2.2717,Les Sablons,48.8811252,2.2716674,Châtelet,27.992534161605107,0.0,62274.72888439963
saint denis pleyel::48.9177::2.3466,Saint-Denis Pleyel,48.9176709,2.346563,Châtelet,28.06078386276245,0.0,0.0
lourmel::48.8387::2.2821,Lourmel,48.8387364,2.2821481,Châtelet,28.087222235528934,0.0,65873.68030995893
villejuif l o lagrange::48.8051::2.3638,Villejuif - Léo Lagrange,48.8051317,2.3637903,Châtelet,28.089652405535894,0.0,0.0
porte de la chapelle::48.8977::2.3593,Porte de la Chapelle,48.897694,2.359259,Châtelet,28.118687075848044,0.0,76913.20610268456
robespierre::48.8558::2.4237,Robespierre,48.8558145,2.4237108,Châtelet,28.24212412273852,0.0,0.0
porte des lilas::48.8763::2.4065,Porte des Lilas,48.8762554,2.4064902,Châtelet,28.271180287954717,0.0,0.0
porte des lilas::48.8762::2.4065,Porte des Lilas,48.8762418,2.4065295,Châtelet,28.27123958959155,0.0,0.0
les sablons::48.8808::2.2728,Les Sablons,48.8807524,2.272782,Châtelet,28.320319391986157,0.0,0.0
ch teau de vincennes::48.8446::2.4389,Château de Vincennes,48.8445799,2.438912,Châtelet,28.349292525976637,0.0,0.0
mairie des lilas::48.8796::2.4161,Mairie des Lilas,48.8796198,2.4161225,Châtelet,28.388034846954394,0.0,0.0
mairie des lilas::48.8797::2.4161,Mairie des Lilas,48.8796549,2.4161107,Châtelet,28.391550472962354,0.0,0.0
m tro 10::48.8466::2.2753,Métro 10,48.8465577,2.2752855,Châtelet,28.40556391355056,0.0,0.0
porte de vanves::48.8277::2.3053,Porte de Vanves,48.8276519,2.3053279,Châtelet,28.509005141534438,0.0,70038.35588349412
carrefour pleyel::48.9193::2.3429,Carrefour Pleyel,48.9193062,2.3429242,Châtelet,28.55448816680223,0.0,0.0
pont de levallois b con::48.8972::2.2804,Pont de Levallois - Bécon,48.8971516,2.2804282,Châtelet,28.605850876356854,0.0,116106.29804051504
pont de levallois b con::48.8971::2.2804,Pont de Levallois - Bécon,48.8971408,2.2803973,Châtelet,28.637828506200687,0.0,47970.69535125474
mirabeau::48.8468::2.2717,Mirabeau,48.8468038,2.2717155,Châtelet,28.777542665424537,0.0,0.0
porte de versailles::48.8324::2.288,Porte de Versailles,48.8324292,2.2879898,Châtelet,28.833796886150242,0.0,63862.92819783607
charenton coles::48.8216::2.4138,Charenton-Écoles,48.8215612,2.4137829,Châtelet,28.89951059198121,0.0,44842.147054965506
la muette::48.858::2.2741,La Muette,48.8579754,2.274062,Châtelet,28.990366725227513,0.0,66238.22439931864
les agnettes::48.9231::2.2862,Les Agnettes,48.9231172,2.2862019,Châtelet,29.05540865572419,0.0,0.0
mairie de montrouge::48.8183::2.3195,Mairie de Montrouge,48.8183386,2.3194998,Châtelet,29.088699939463424,0.0,65628.20680721526
glise d auteuil::48.8473::2.2687,Église d'Auteuil,48.8473406,2.2686929,Châtelet,29.180129392690812,0.0,63396.99089774597
mairie de montrouge::48.8176::2.319,Mairie de Montrouge,48.8176334,2.3190172,Châtelet,29.185663198570303,0.0,62210.87477529493
aubervilliers pantin quatre chemins::48.9036::2.3922,Aubervilliers - Pantin - Quatre Chemins,48.9036279,2.3922499,Châtelet,29.26355156331367,0.0,56204.361888040876
carrefour pleyel::48.9188::2.3422,Carrefour Pleyel,48.9187743,2.3422105,Châtelet,29.404009851597486,0.0,0.0
balard::48.8364::2.2784,Balard,48.8363968,2.278379,Châtelet,29.506354895104714,0.0,0.0
pierre et marie curie::48.8159::2.3773,Pierre et Marie Curie,48.8159011,2.3773455,Châtelet,29.64531792927464,0.0,115954.41625106419
hoche::48.8913::2.4025,Hoche,48.89128,2.4025383,Châtelet,29.71729068858548,0.0,65805.1878007799
chardon lagache::48.8454::2.2672,Chardon-Lagache,48.845414,2.267172,Châtelet,30.174544232432698,0.0,57757.64127827025
pont de neuilly::48.8848::2.26,Pont de Neuilly,48.8848087,2.259972,Châtelet,30.41585020408262,0.0,48096.73758903051
ranelagh::48.8556::2.2702,Ranelagh,48.8555764,2.2702166,Châtelet,30.424529638821216,0.0,56892.46107085286
villejuif gustave roussy::48.7931::2.3493,Villejuif - Gustave Roussy,48.7930545,2.3493428,Châtelet,30.49568889458486,0.0,0.0
villejuif gustave roussy::48.7931::2.3494,Villejuif - Gustave Roussy,48.7930541,2.3494072,Châtelet,30.530445325522432,0.0,0.0
michel ange auteuil::48.8481::2.2639,Michel-Ange - Auteuil,48.8480557,2.2638975,Châtelet,30.565055804161815,0.0,0.0
malakoff plateau de vanves::48.8225::2.2985,Malakoff - Plateau de Vanves,48.8225032,2.2984833,Châtelet,30.601615716841494,0.0,110603.14688374409
croix de chavaux::48.858::2.4358,Croix de Chavaux,48.8579778,2.43575,Châtelet,30.603375542455094,0.0,0.0
serge gainsbourg::48.8813::2.4274,Serge Gainsbourg,48.8813288,2.4274491,Châtelet,30.637650035315385,0.0,0.0
serge gainsbourg::48.8814::2.4274,Serge Gainsbourg,48.8813909,2.4274263,Châtelet,30.64097554263632,0.0,0.0
villejuif paul vaillant couturier::48.7962::2.3684,Villejuif - Paul Vaillant-Couturier,48.7961557,2.3683565,Châtelet,30.6972293515868,0.0,0.0
front populaire::48.9066::2.3659,Front Populaire,48.9065634,2.3659163,Châtelet,30.80941433384324,0.0,73266.0150639362
pont de neuilly::48.8846::2.2604,Pont de Neuilly,48.8846125,2.2603989,Châtelet,30.838660430254123,0.0,47605.83931300722
pont de neuilly::48.8847::2.2605,Pont de Neuilly,48.8846931,2.2604557,Châtelet,30.886239545572796,0.0,0.0
michel ange auteuil::48.8481::2.2643,Michel-Ange - Auteuil,48.8480616,2.2642873,Châtelet,30.921684200544664,0.0,0.0
corentin celton::48.8271::2.2794,Corentin Celton,48.8270526,2.2793746,Châtelet,31.117281978076335,0.0,57118.87240737492
cole v t rinaire de maisons alfort::48.815::2.4217,École Vétérinaire de Maisons-Alfort,48.8150196,2.4217316,Châtelet,31.293430120403798,0.0,36140.21144521282
asni res gennevilliers les courtilles::48.9308::2.2842,Asnières-Gennevilliers–Les Courtilles,48.9307562,2.2841612,Châtelet,31.32729566471318,0.0,0.0
pont de neuilly::48.8844::2.2611,Pont de Neuilly,48.8844402,2.261054,Châtelet,31.483534911579337,0.0,109484.57745714799
barbara::48.8095::2.3177,Barbara,48.8095475,2.3176792,Châtelet,31.57971249104379,0.0,154438.72484587692
barbara::48.8088::2.3178,Barbara,48.8088438,2.3177628,Châtelet,31.668014124844742,0.0,0.0
michel ange molitor::48.8452::2.2611,Michel-Ange - Molitor,48.8452249,2.2610738,Châtelet,31.712911464152086,0.0,0.0
mairie d ivry::48.8105::2.3846,Mairie d'Ivry,48.8105257,2.3845877,Châtelet,31.805409730569753,0.0,132931.13772313923
jasmin::48.8526::2.2682,Jasmin,48.8525598,2.2681802,Châtelet,31.822232068013466,0.0,0.0
glise de pantin::48.8933::2.4133,Église de Pantin,48.8932564,2.4133107,Châtelet,31.91018078981894,0.0,107422.32871597254
porte d auteuil::48.8481::2.2588,Porte d'Auteuil,48.8480669,2.25877,Châtelet,31.97716496179518,0.0,148361.15615993287
saint denis porte de paris::48.9302::2.3564,Saint-Denis - Porte de Paris,48.9302194,2.3563748,Châtelet,32.06007512678515,0.0,0.0
michel ange molitor::48.8448::2.2615,Michel-Ange - Molitor,48.8447543,2.2614913,Châtelet,32.41433805759295,0.0,0.0
saint denis porte de paris::48.9299::2.3563,Saint-Denis - Porte de Paris,48.929895,2.3562741,Châtelet,32.5202516726423,0.0,0.0
saint denis porte de paris::48.9299::2.3562,Saint-Denis - Porte de Paris,48.9299186,2.3561584,Châtelet,32.522514910468146,0.0,0.0
mairie de montreuil::48.8626::2.4416,Mairie de Montreuil,48.8625988,2.441569,Châtelet,32.53088989158884,0.0,0.0
fort d aubervilliers::48.9143::2.4038,Fort d'Aubervilliers,48.9142573,2.4038072,Châtelet,32.577181206197494,0.0,0.0
malakoff rue tienne dolet::48.8154::2.2971,Malakoff - Rue Étienne Dolet,48.8153557,2.2971112,Châtelet,32.80588357922939,0.0,0.0
malakoff rue tienne dolet::48.8151::2.2973,Malakoff - Rue Étienne Dolet,48.8150671,2.2973061,Châtelet,32.81868017343597,0.0,41605.12918301081
mairie d issy::48.8241::2.2732,Mairie d'Issy,48.8241474,2.2731713,Châtelet,32.85074476314766,0.0,259356.15606553215
malakoff rue tienne dolet::48.8153::2.297,Malakoff - Rue Étienne Dolet,48.8153092,2.2970019,Châtelet,32.924983598380784,0.0,37243.968902384506
saint denis porte de paris::48.9296::2.3561,Saint-Denis - Porte de Paris,48.9295942,2.3560566,Châtelet,32.97635608844564,0.0,0.0
romainville carnot::48.8832::2.4406,Romainville - Carnot,48.8831942,2.4405633,Châtelet,33.11904321336482,0.0,0.0
aim c saire::48.9082::2.3779,Aimé Césaire,48.9082256,2.3778513,Châtelet,33.132910505958414,0.0,0.0
esplanade de la d fense::48.8883::2.2496,Esplanade de La Défense,48.8882638,2.2496022,Châtelet,33.20215931466264,0.0,81680.31583602578
malakoff rue tienne dolet::48.8156::2.2968,Malakoff - Rue Étienne Dolet,48.8155896,2.2968176,Châtelet,33.22766991328327,0.0,0.0
villejuif louis aragon::48.7869::2.3674,Villejuif - Louis Aragon,48.7869402,2.3673857,Châtelet,33.259902842273576,0.0,0.0
bagneux lucie aubrac::48.8034::2.3178,Bagneux-Lucie Aubrac,48.8033708,2.3178114,Châtelet,33.49197925638653,0.0,0.0
bagneux lucie aubrac::48.8033::2.3179,Bagneux-Lucie Aubrac,48.8033468,2.3178505,Châtelet,33.54090855252764,0.0,0.0
exelmans::48.843::2.26,Exelmans,48.8430044,2.2600472,Châtelet,33.55508842079938,0.0,49680.84588223319
esplanade la d fense::48.8881::2.25,Esplanade La Défense,48.8880681,2.2500303,Châtelet,33.67867557097536,0.0,0.0
maisons alfort stade::48.809::2.4347,Maisons-Alfort — Stade,48.8090371,2.4347211,Châtelet,34.09172797222023,0.0,0.0
bobigny pantin raymond queneau::48.8954::2.4252,Bobigny - Pantin - Raymond Queneau,48.8954338,2.4251929,Châtelet,34.251521970507326,0.0,0.0
esplanade de la d fense::48.8878::2.2507,Esplanade de La Défense,48.8878105,2.2506536,Châtelet,34.35120712106904,0.0,45001.82437501119
boulogne pont de saint cloud::48.8409::2.2283,Boulogne - Pont de Saint-Cloud,48.8408968,2.2283261,Châtelet,34.542843547564225,0.0,0.0
boulogne pont de saint cloud::48.8408::2.2283,Boulogne - Pont de Saint-Cloud,48.8408019,2.2282971,Châtelet,34.67738985332582,0.0,0.0
basilique de saint denis::48.937::2.3595,Basilique de Saint-Denis,48.9369663,2.359511,Châtelet,34.71920758029338,0.0,0.0
ch tillon montrouge::48.8108::2.3016,Châtillon-Montrouge,48.8108097,2.3015874,Châtelet,34.738300264068414,0.0,45609.06213141893
l ha les roses::48.7755::2.3542,L'Haÿ-les-Roses,48.7754877,2.3542112,Châtelet,34.74975649243778,0.0,0.0
la courneuve 8 mai 1945::48.9208::2.4108,La Courneuve - 8 mai 1945,48.9207595,2.410766,Châtelet,34.887031120893184,0.0,0.0
ch tillon montrouge::48.8109::2.3018,Châtillon-Montrouge,48.8108516,2.3017558,Châtelet,34.90307826427074,0.0,0.0
basilique de saint denis::48.9363::2.3591,Basilique de Saint-Denis,48.9362972,2.3590525,Châtelet,35.09718708121808,0.0,0.0
mairie d aubervilliers::48.9143::2.3809,Mairie d'Aubervilliers,48.9142765,2.3809116,Châtelet,35.13413264224597,0.0,0.0
boulogne jean jaur s::48.8421::2.2394,Boulogne - Jean Jaurès,48.8420752,2.2393918,Châtelet,35.330319782347566,0.0,0.0
porte de saint cloud::48.8378::2.2566,Porte de Saint-Cloud,48.8377937,2.256558,Châtelet,35.42246030760386,0.0,85080.79883049887
montreuil h pital::48.8783::2.4546,Montreuil - Hôpital,48.8783186,2.4546255,Châtelet,35.92044338455141,0.0,0.0
la d fense grande arche::48.8921::2.2381,La Défense - Grande Arche,48.8921061,2.2381442,Châtelet,36.15482553118745,0.0,34684.28293487051
maisons alfort les juilliottes::48.8033::2.4456,Maisons-Alfort — Les Juilliottes,48.8033311,2.4456085,Châtelet,36.63990398422704,0.0,0.0
la d fense grande arche::48.8915::2.2385,La Défense - Grande Arche,48.8915112,2.238496,Châtelet,36.82973012291955,0.0,0.0
saint denis universit::48.946::2.3652,Saint-Denis-Université,48.9459651,2.365214,Châtelet,37.3818877114515,0.0,0.0
la d fense grande arche::48.8913::2.239,La Défense - Grande Arche,48.8913166,2.2390296,Châtelet,37.387361242835915,0.0,0.0
saint denis universit::48.9459::2.3646,Saint-Denis - Université,48.9459129,2.3646387,Châtelet,37.86674395473911,0.0,0.0
saint denis universit::48.9458::2.3647,Saint-Denis - Université,48.9458237,2.3646747,Châtelet,37.91197926434614,0.0,0.0
marcel sembat::48.8336::2.2436,Marcel Sembat,48.8336468,2.2435931,Châtelet,38.03425262811494,0.0,66681.06104633873
la dhuys::48.8779::2.4653,La Dhuys,48.8779208,2.4652732,Châtelet,38.04675294822962,0.0,0.0
saint denis universit::48.9458::2.3641,Saint-Denis - Université,48.945771,2.364099,Châtelet,38.39743302389859,0.0,0.0
cr teil l echat hopital henri mondor::48.7967::2.4494,Créteil-L'Echat ((Hopital Henri Mondor),48.7966758,2.4494175,Châtelet,38.785566343059756,0.0,0.0
bobigny pablo picasso::48.9067::2.4492,Bobigny - Pablo Picasso,48.9066938,2.4492356,Châtelet,38.80941221545938,0.0,0.0
cr teil l chat hopital henri mondor::48.7963::2.4492,Créteil-L'Échat (Hopital Henri Mondor),48.7963315,2.4492483,Châtelet,38.84174600316657,0.0,0.0
bobigny pablo picasso::48.9061::2.4492,Bobigny - Pablo Picasso,48.9060505,2.4492007,Châtelet,38.980789348415115,0.0,0.0
chevilly larue::48.7586::2.367,Chevilly-Larue,48.7585913,2.3670497,Châtelet,39.207843268000474,0.0,0.0
chevilly larue::48.7586::2.3671,Chevilly-Larue,48.758591,2.3670906,Châtelet,39.243460769023066,0.0,0.0
cr teil l chat hopital henri mondor::48.797::2.4496,Créteil-L'Échat (Hopital Henri Mondor),48.7970201,2.449587,Châtelet,39.288656768623994,0.0,0.0
billancourt::48.8318::2.2374,Billancourt,48.8317544,2.23735,Châtelet,39.67205151783495,0.0,0.0
billancourt::48.8317::2.2374,Billancourt,48.8317277,2.2373655,Châtelet,39.67244219923318,0.0,0.0
coteaux beauclair::48.8823::2.4675,Coteaux Beauclair,48.8822666,2.4674799,Châtelet,39.695803309448486,0.0,0.0
coteaux beauclair::48.8823::2.4674,Coteaux Beauclair,48.8822817,2.4674452,Châtelet,39.70087958292852,0.0,0.0
cr teil l chat::48.7955::2.4499,Créteil L'Échat,48.7955469,2.449902,Châtelet,40.085743811711836,0.0,0.0
pont de s vres::48.8297::2.2309,Pont de Sèvres,48.8296613,2.2308732,Châtelet,41.35395547272338,0.0,0.0
cr teil universit::48.79::2.4505,Créteil-Université,48.7899579,2.4505152,Châtelet,41.42963124577105,0.0,0.0
cr teil universit::48.7896::2.4508,Créteil-Université,48.7896367,2.450765,Châtelet,41.48694927669853,0.0,0.0
cr teil universit::48.7903::2.4503,Créteil-Université,48.7902849,2.4502669,Châtelet,41.937840773189215,0.0,0.0
rosny bois perrier::48.883::2.4803,Rosny - Bois-Perrier,48.8829501,2.4803207,Châtelet,42.10818933188659,0.0,0.0
rosny bois perrier::48.883::2.4804,Rosny - Bois-Perrier,48.8829587,2.4803619,Châtelet,42.12292572668944,0.0,0.0
thiais orly::48.7472::2.3728,Thiais - Orly,48.7471961,2.3728232,Châtelet,42.315338660304754,0.0,0.0
thiais orly::48.7472::2.3729,Thiais - Orly,48.7471962,2.3728605,Châtelet,42.34952439313795,0.0,0.0
pont de s vres::48.8273::2.2305,Pont de Sèvres,48.8273018,2.2304929,Châtelet,44.651920611261126,0.0,0.0
cr teil pr fecture::48.78::2.4594,Créteil-Préfecture,48.7800108,2.4594087,Châtelet,45.02481624837431,0.0,0.0
cr teil pr fecture::48.7796::2.4593,Créteil-Préfecture,48.7796433,2.4592844,Châtelet,45.05850612618644,0.0,0.0
cr teil pr fecture::48.78::2.4593,Créteil-Préfecture,48.780007,2.4593084,Châtelet,45.116832872039794,0.0,0.0
cr teil pr fecture::48.7804::2.4594,Créteil-Préfecture,48.7803755,2.4594358,Châtelet,45.532333432447494,0.0,0.0
a roport d orly::48.7284::2.3625,Aéroport d'Orly,48.7284425,2.362535,Châtelet,46.978740577564366,0.0,0.0
a roport d orly::48.7284::2.3626,Aéroport d'Orly,48.7284469,2.3625786,Châtelet,47.01185549979957,0.0,0.0
pointe du lac::48.7688::2.4642,Pointe du Lac,48.7688298,2.464248,Châtelet,48.151222013667784,0.0,0.0
pointe du lac::48.7688::2.4643,Pointe du Lac,48.7688389,2.4642872,Châtelet,48.18929570630651,0.0,0.0
pointe du lac::48.7688::2.4644,Pointe du Lac,48.7688205,2.4643792,Châtelet,48.27210815184063,0.0,0.0
noisy champs::48.8431::2.5807,Noisy - Champs,48.8431391,2.5806819,Châtelet,,,0.0
noisy champs::48.843::2.581,Noisy-Champs,48.8429791,2.5809845,Châtelet,,,0.0
