R_m,R_km,t_m,mu_wall,qppp_max,ok_thermal,ok_shielding,ok_both
100.0,0.1,0.03671195652173913,99.12228260869564,11.458309120655063,1,0,0
101.92324875332801,0.101923248753328,0.0374180187678658,101.02865067323766,11.24186042714119,1,0,0
103.88348636432791,0.10388348636432791,0.03813766034733886,102.97168293781493,11.029496042728422,1,0,0
105.88142422074351,0.10588142422074351,0.03887114242451752,104.95208454619731,10.821138898849487,1,0,0
107.91778739207501,0.10791778739207501,0.039618731186601454,106.97057420382393,10.616713380575177,1,0,0
109.99331489271226,0.10999331489271226,0.040380697940232135,109.02788443862677,10.416145300149914,1,0,0
112.10875995013063,0.11210875995013063,0.04115731920995285,111.1247618668727,10.219361869573593,1,0,0
114.264890278243,0.114264890278243,0.041948876838561494,113.26196746411604,10.026291674613953,1,0,0
116.46248835601105,0.11646248835601106,0.04275565808939428,115.44027684136455,9.8368646478653,1,0,0
118.70235171141282,0.11870235171141282,0.043577955750575735,117.66048052655448,9.651012045145038,1,0,0
120.9852932108737,0.1209852932108737,0.04441606824127456,119.9233842514413,9.468666418552399,1,0,0
123.31214135426208,0.12331214135426208,0.0452702997200022,122.22980924400593,9.28976159334183,1,0,0
125.68374057556012,0.12568374057556012,0.046140960194995036,124.5805925264866,9.114232643127444,1,0,0
128.1009515493156,0.12810095154931558,0.047028365636718854,126.97658721914091,8.942015867233277,1,0,0
130.56465150298925,0.13056465150298924,0.04793283809253763,129.4186628498516,8.773048766374586,1,0,0
133.07573453530756,0.13307573453530755,0.0488547058035871,131.90770566968516,8.607270020961762,1,0,0
135.6351119407401,0.1356351119407401,0.049794303323896706,134.44461897452112,8.444619468450547,1,0,0
138.24371254021543,0.13824371254021542,0.05075197164180191,137.03032343286515,8.285038081407546,1,0,0
140.90248301819963,0.14090248301819963,0.05172805830369231,139.66575741996922,8.128467946529387,1,0,0
143.61238826625535,0.14361238826625536,0.05272291754013885,142.3518773583749,7.974852242946624,1,0,0
146.37441173321085,0.14637441173321084,0.053736910394447786,145.08965806500902,7.824135222196579,1,0,0
149.18955578206103,0.14918955578206103,0.054770404853686,147.8800931049522,7.676262187480925,1,0,0
152.05884205373528,0.15205884205373527,0.05582377598222727,150.72419515201364,7.5311794747114185,1,0,0
154.98331183785874,0.15498331183785874,0.05689740605786608,153.62299635623842,7.388834431886673,1,0,0
157.964026450647,0.157964026450647,0.05799168471055003,156.57754871848508,7.249175400733948,1,0,0
161.0020676200658,0.16100206762006578,0.05910700906377959,159.5889244722049,7.11215169787407,1,0,0
164.09853787840117,0.16409853787840117,0.06024378387872825,162.65821647256627,6.977713595867157,1,0,0
167.25456096237704,0.16725456096237704,0.06140242170113353,165.78653859306053,6.8458123062849054,1,0,0
170.47128222097035,0.17047128222097035,0.06258334301101384,168.9750261297374,6.716399960756304,1,0,0
173.74986903106745,0.17374986903106746,0.06378697637526418,172.22483621321328,6.589429594397545,1,0,0
177.0915112211167,0.1770915112211167,0.06501375860318713,175.53714822860525,6.464855128526688,1,0,0
180.49742150292653,0.18049742150292652,0.06626413490501461,178.91316424353943,6.34263135397434,1,0,0
183.96883591177098,0.183968835911771,0.06753855905347897,182.35410944439323,6.2227139146327985,1,0,0
187.50701425495615,0.18750701425495614,0.06883749354849068,185.86123258092485,6.105059291481972,1,0,0
191.11324056901736,0.19111324056901735,0.07016140978498436,189.43580641945778,5.989624786376954,1,0,0
194.78882358570576,0.19478882358570576,0.07151078822399144,193.0791282047769,5.876368507385253,1,0,0
198.53509720694035,0.19853509720694035,0.07288611856700446,196.79252013091204,5.76524935245514,1,0,0
202.35342098889137,0.20235342098889136,0.07428789993369354,200.57732982097258,5.656226995706559,1,0,0
206.245180635377,0.206245180635377,0.07571664104304195,204.43493081621327,5.549261871933936,1,0,0
210.211788500746,0.21021178850074598,0.07717286039796409,208.36672307450303,5.444315162420272,1,0,0
214.25468410243533,0.21425468410243534,0.07865708647347558,212.37413347838407,5.341348781108856,1,0,0
218.3753346433823,0.2183753346433823,0.08016985790848084,216.45861635289828,5.240325360536575,1,0,0
222.57523554448724,0.22257523554448724,0.08171172370125061,220.62165399337667,5.1412082384824735,1,0,0
226.85591098731348,0.22685591098731347,0.08328324340865774,224.8647572033759,5.043961444377898,1,0,0
231.21891446722813,0.23121891446722814,0.08488498734924597,229.18946584296413,4.948549686551095,1,0,0
235.66582935717764,0.23566582935717764,0.08651753681020298,233.59734938754804,4.85493833911419,1,0,0
240.1982694823099,0.2401982694823099,0.0881814842583154,238.09000749745158,4.763093429803849,1,0,0
244.8178797056439,0.2448178797056439,0.0898774335549796,242.6690705984449,4.672981627106665,1,0,0
249.52633652500703,0.24952633652500703,0.09160600017534905,247.33620047344243,4.584570228695869,1,0,0
254.32534868144927,0.2543253486814493,0.0933678114316951,252.09309086557678,4.497827149391174,1,0,0
259.2166577793626,0.2592166577793626,0.09516350670106492,256.9414680928753,4.412720909237862,1,0,0
264.20203891852276,0.2642020389185228,0.09699373765731636,261.8830916747542,4.32922062242031,1,0,0
269.2833013382907,0.2692833013382907,0.09885916850761704,266.91975497056603,4.247295985937118,1,0,0
274.4622890741999,0.2744622890741999,0.10076047623349023,272.0532858304236,4.166917268514634,1,0,0
279.7408816271752,0.2797408816271752,0.10269835083649828,277.28554725854536,4.088055300235749,1,0,0
285.1209946456187,0.2851209946456187,0.10467349558864969,282.6184380893542,4.01068146109581,1,0,0
290.60458062061724,0.2906045806206172,0.10668662728762333,288.053893676583,3.934767671585083,1,0,0
296.19362959451735,0.29619362959451734,0.10873847651690026,293.5938865956307,3.860286381959915,1,0,0
301.8901698831309,0.3018901698831309,0.11082978791089941,299.2404273594284,3.787210562109947,1,0,0
307.69626881182836,0.3076962688118284,0.112961320425212,304.9955651480724,3.7155136921405787,1,0,0
313.61403346578896,0.313614033465789,0.11513384761203285,310.8613885524887,3.645169752836227,1,0,0
319.64561145468144,0.31964561145468146,0.11734815790088984,316.8400263324026,3.576153215527535,1,0,0
325.79319169205127,0.3257931916920513,0.11960505488477209,322.93364818888466,3.508439033567906,1,0,0
332.05900518969656,0.33205900518969655,0.12190535761176087,329.14446555175437,3.442002632856368,1,0,0
338.4453258673211,0.3384453258673211,0.12424990088226924,335.47473238212694,3.3768199030160906,1,0,0
344.9544713777613,0.3449544713777613,0.12663953555199878,341.9267459903967,3.312867188632489,1,0,0
351.5888039480833,0.3515888039480833,0.12907512884072297,348.502847869952,3.2501212806701654,1,0,0
358.35073123685606,0.35835073123685607,0.13155756464700885,355.2054245469239,3.188559408068657,1,0,0
365.24270720791105,0.3652427072079111,0.13408774386899125,362.03690844627636,3.128159229397774,1,0,0
372.2672330209087,0.3722672330209087,0.1366665847313173,368.9997787745567,3.068898825049401,1,0,0
379.426857939032,0.379426857939032,0.13929502311837832,376.0965624196215,3.010756688714027,1,0,0
386.72418025413646,0.38672418025413646,0.14197401291395065,383.32983486766676,2.953711720108987,1,0,0
394.1618482296925,0.3941618482296925,0.14470452634736808,390.7022211378938,2.8977432170510298,1,0,0
401.7425610618647,0.4017425610618647,0.14748755434635305,398.21639673515324,2.8428308681249623,1,0,0
409.46906985907503,0.40946906985907505,0.15032410689663325,405.87508862090976,2.788954745173454,1,0,0
417.3441786404039,0.4173441786404039,0.15321521340847435,413.6810762028808,2.7360952959060665,1,0,0
425.37074535319294,0.42537074535319297,0.1561619230902619,421.6371923437071,2.6842333371639246,1,0,0
433.55168291022034,0.43355168291022034,0.1591653053292684,429.74632438902466,2.6333500478863705,1,0,0
441.88996024682376,0.44188996024682375,0.1622264500797443,438.01141521530957,2.5834269618988035,1,0,0
450.38860339835287,0.45038860339835285,0.1653464682584714,446.4354642978728,2.5344459617137916,1,0,0
459.0506965983436,0.45905069659834363,0.1685264921479245,455.02152879939615,2.486389271676541,1,0,0
467.87938339781476,0.46787938339781476,0.17176767580718688,463.7727246794046,2.4392394515275964,1,0,0
476.877867806092,0.47687786780609204,0.1750711954907691,472.6922278250766,2.3929793900847436,1,0,0
486.0494154535704,0.48604941545357044,0.17843825007548197,481.78327520380134,2.3475922992825504,1,0,0
495.3973547768393,0.49539735477683927,0.181870061495519,491.0491660379013,2.303061707556248,1,0,0
504.9250782266053,0.5049250782266053,0.18536787518590864,500.4932630019533,2.259371454417706,1,0,0
514.636043498839,0.514636043498839,0.18893296053449224,510.11899344312906,2.2165056842565534,1,0,0
524.5337747896075,0.5245337747896075,0.19256661134259775,519.929850625014,2.1744488405585294,1,0,0
534.6218640740329,0.5346218640740329,0.19627014629457024,529.9293949953396,2.133185660660267,1,0,0
544.9039724098564,0.5449039724098563,0.20004490943633585,540.1212554781068,2.092701169580222,1,0,0
555.3838312660637,0.5553838312660637,0.20389227066316631,550.5091307905491,2.0529806751906867,1,0,0
566.0652438770742,0.5660652438770741,0.20781362621682803,561.0967907854357,2.0140097625255584,1,0,0
576.9520866229632,0.5769520866229632,0.21181039919228892,571.8880778191801,1.9757742885947227,1,0,0
588.0483104362398,0.5880483104362398,0.21588404005417391,582.8869081462695,1.9382603774070741,1,0,0
599.3579422356713,0.5993579422356713,0.22003602716315,594.097273340505,1.901454414784908,1,0,0
610.8850863876919,0.6108850863876919,0.22426786731243797,605.5232417435825,1.8653430435061455,1,0,0
622.6339261959099,0.62263392619591,0.22858109627463977,617.1689599415274,1.8299131582975385,1,0,0
634.6087254192706,0.6346087254192706,0.2329772793590855,629.0386542695309,1.795151901334524,1,0,0
646.8138298194075,0.6468138298194075,0.2374580119798966,641.1366323457208,1.7610466573834425,1,0,0
659.2536687377631,0.659253668737763,0.24202492023497768,653.4672846344397,1.7275850493311884,1,0,0
671.9327567030313,0.6719327567030312,0.24667966149614,666.035086039578,1.6947549335658554,1,0,0
684.8556950695256,0.6848556950695256,0.2514239250105786,678.8445975285622,1.6625443956851962,1,0,0
698.0271736870461,0.6980271736870461,0.25625943251391287,691.9004677875647,1.630941746175289,1,0,0
711.4519726028738,0.7114519726028737,0.2611879388550224,705.2074349085605,1.5999355160593987,1,0,0
725.134963796486,0.725134963796486,0.2662112326328947,718.7703281088156,1.5695144528746607,1,0,0
739.0811129476482,0.7390811129476482,0.2713311368457263,732.594069483461,1.539667516410351,1,0,0
753.2954812384967,0.7532954812384967,0.27654950955250246,746.6836757917566,1.510383874952793,1,0,0
767.783227190293,0.767783227190293,0.2818682445473059,761.0442602777259,1.481652901083231,1,0,0
782.5496085354919,0.7825496085354918,0.28728927204658955,775.6810345257918,1.4534641680121418,1,0,0
797.5999841258248,0.7975999841258248,0.292814559389671,790.5993103521117,1.4258074457645415,1,0,0
812.9398158770691,0.8129398158770691,0.29844611175269575,805.8045017322785,1.3986726973056793,1,0,0
828.5746707512327,0.8285746707512327,0.3041859728763357,821.3021267661064,1.3720500751733777,1,0,0
844.5102227768475,0.8445102227768475,0.3100362258074785,837.097809680192,1.3459299176931376,1,0,0
860.7522551081316,0.8607522551081316,0.31599899365518636,853.1972828690032,1.3203027455210683,1,0,0
877.3066621237415,0.8773066621237415,0.3220764403611888,869.6063889752098,1.2951592582464213,1,0,0
894.1794515659,0.8941794515659,0.3282707714851986,886.3310830100363,1.2704903309345243,1,0,0
911.3767467206574,0.9113767467206574,0.3345842350053283,903.3774345143864,1.246287010967732,1,0,0
928.9047886400847,0.9289047886400847,0.3410191221339007,920.7516297615318,1.2225405146181587,1,0,0
946.7699384072093,0.9467699384072094,0.347577768148951,938.4599740021678,1.1992422239780427,1,0,0
964.9786794445104,0.9649786794445103,0.35426255324172107,956.5088937526468,1.176383683741093,1,0,0
983.537619866809,0.983537619866809,0.36107590338045076,974.9049391272171,1.1539565982818603,1,0,0
1002.4534948794104,1.0024534948794104,0.36802029119078356,993.6547862151156,1.13195282843709,1,0,0
1021.7331692223718,1.0217331692223717,0.3750982368531044,1012.7652395033818,1.1103643887639048,1,0,0
1041.3836396617796,1.0413836396617797,0.38231230901713703,1032.24323434627,1.0891834444701671,1,0,0
1061.4120375289378,1.0614120375289378,0.3896651257341291,1052.0958394821484,1.068402308642864,1,0,0
1081.8256313083878,1.0818256313083878,0.3971593554069652,1072.330259598806,1.048013439536095,1,0,0
1102.6318292757092,1.1026318292757091,0.40479771775855516,1092.953837948099,1.0280094377100468,1,0,0
1123.838182186052,1.1238381821860521,0.41258298481884687,1113.9740590108865,1.0083830433189869,1,0,0
1145.4523860143706,1.1454523860143706,0.42051798193081924,1135.398551213212,0.9891271336674691,1,0,0
1167.4822847483592,1.1674822847483592,0.4286055887758243,1157.2350896947255,0.9702347204387187,1,0,0
1189.9358732351072,1.1899358732351073,0.4368487404186494,1179.4915991303535,0.9516989472508429,1,0,0
1212.8213000825044,1.2128213000825043,0.44525042837268025,1202.1761566062366,0.9335130871236323,1,0,0
1236.146870616439,1.236146870616439,0.4538137016855459,1225.296994550974,0.9156705400794742,1,0,0
1259.9210498948742,1.259921049894874,0.4625416680456454,1248.8625037232425,0.8981648307144641,1,0,0
1284.1524657798943,1.2841524657798944,0.47143749490995573,1272.8812362568806,0.88098960582912,1,0,0
1308.849912068837,1.308849912068837,0.48050441065353233,1297.3619087645372,0.864138632208109,1,0,0
1334.0223516856372,1.334022351685637,0.489745705741113,1322.313405501005,0.8476057942807675,1,0,0
1359.6789199335497,1.3596789199335497,0.49916473392125693,1347.7447815873936,0.8313850919306278,1,0,0
1385.8289278104353,1.3858289278104352,0.5087649134434505,1373.6652662973165,0.8154706382453443,1,0,0
1412.4818653878085,1.4124818653878086,0.5185497282986221,1400.0842664062798,0.799856657549739,1,0,0
1439.6474052548651,1.4396474052548651,0.5285227294835116,1427.0113696054814,0.7845374831408263,1,0,0
1467.33540602875,1.46733540602875,0.5386875362893591,1454.4563479812696,0.7695075552910566,1,0,0
1495.5559159323384,1.4955559159323384,0.5490478376153775,1482.429161561519,0.7547614192664622,1,0,0
1524.3191764408302,1.5243191764408301,0.5596073933074895,1510.9399619302217,0.7402937232851982,1,0,0
1553.63562599847,1.55363562599847,0.5703700355228079,1539.9990959115812,0.7260992166250946,1,0,0
1583.515903806747,1.583515903806747,0.5813396701203574,1569.617109324965,0.7121727476716041,1,0,0
1613.970853685461,1.613970853685461,0.5925202780785482,1599.8047508120803,0.6985092621147633,1,0,0
1645.011528008044,1.645011528008044,0.6039159169399096,1630.572975737756,0.6851038010418415,1,0,0
1676.6491917125625,1.6766491917125625,0.6155307222836065,1661.9329501657376,0.6719514991641046,1,0,0
1708.8953263898604,1.7088953263898605,0.6273689092262776,1693.8960549109497,0.6590475830584763,1,0,0
1741.761634450334,1.741761634450334,0.6394347739517395,1726.4738896696967,0.6463873694539067,1,0,0
1775.2600433708456,1.7752600433708456,0.651732695270112,1759.6782772293025,0.6339662634879353,1,0,0
1809.4027100233075,1.8094027100233074,0.6642671362069262,1793.5212677587008,0.6217797570526602,1,0,0
1844.202025086516,1.8442020250865159,0.6770426456227943,1828.0151431815445,0.6098234272003175,1,0,0
1879.6706175428421,1.8796706175428421,0.6900638598642336,1863.1724216334308,0.5980929344594479,1,0,0
1915.821359261408,1.915821359261408,0.7033355044462397,1899.0058620048471,0.5865840213149787,1,0,0
1952.6673696693965,1.9526673696693966,0.7168623957672159,1935.5284685714828,0.5752925106734039,1,0,0
1990.2220205132082,1.9902220205132082,0.730649442856887,1972.753495713595,0.5642143043130636,1,0,0
2028.498940711188,2.028498940711188,0.7447016491578301,2010.6944527261412,0.5533453813791274,1,1,1
2067.5120212996876,2.0675120212996876,0.7590241143412711,2049.365108721432,0.5426817969977855,1,1,1
2107.2754204742428,2.1072754204742425,0.7736220361577995,2088.7794976260584,0.5322196807563304,1,1,1
2147.8035687277015,2.1478035687277015,0.7885007123236752,2128.951923273923,0.5219552353471517,1,1,1
2189.111174087194,2.189111174087194,0.8036655424434236,2169.896964597244,0.51188473521173,1,1,1
2231.21322745179,2.2312132274517897,0.8191220299693935,2211.6294809173623,0.5020045251175762,1,1,1
2274.125008032846,2.274125008032846,0.834875784199015,2254.1646173373406,0.49231101889908313,1,1,1
2317.8620888989603,2.3178620888989605,0.8509325223104607,2297.517810238244,0.4828006981164218,1,1,1
2362.440342627575,2.362440342627575,0.8672980714374603,2341.7047928811426,0.4734701107740402,1,1,1
2407.8759470652776,2.4078759470652775,0.883978370784019,2386.741601116851,0.4643158701136707,1,1,1
2454.1853911988956,2.4541853911988953,0.9009794737798119,2432.644579205492,0.45533465333282946,1,1,1
2501.385481139489,2.501385481139489,0.9183075502770244,2479.430385747966,0.4465232003927232,1,1,1
2549.493346221435,2.549493346221435,0.9359688887894453,2527.115999731502,0.43787831285595896,1,1,1
2598.526445218819,2.598526445218819,0.9539698987746261,2575.7187266914907,0.42939685269445194,1,1,1
2648.5025726813888,2.6485025726813887,0.9723171129599337,2625.256204991821,0.4210757411718369,1,1,1
2699.4398653923463,2.699439865392346,0.9910171897133314,2675.746412225995,0.41291195772588263,1,1,1
2751.356808950347,2.751356808950347,1.0100769154597604,2727.207671741353,0.40490253884345295,1,1,1
2804.2722444780898,2.80427224447809,1.0295032071439942,2779.6586592887843,0.39704457701742646,1,1,1
2858.205375459938,2.8582053754599377,1.049303114740863,2833.11840980033,0.38933521967381235,1,1,1
2913.175774711028,2.913175774711028,1.0694838238137498,2887.6063242971245,0.38177166813611985,1,1,1
2969.203391480415,2.969203391480415,1.0900526581222938,2943.1421769301933,0.37435117662698036,1,1,1
3026.308558690835,3.026308558690835,1.1110170822802494,2999.7461221566737,0.3670710512250661,1,1,1
3084.5120003177153,3.0845120003177153,1.1323847044644655,3057.4387020540566,0.35992864894866944,1,1,1
3143.834838910082,3.143834838910082,1.1541632791759568,3116.2408537750835,0.352921376734972,1,1,1
3204.298603256115,3.204298603256115,1.176360710054079,3176.173917146013,0.34604669054597614,1,1,1
3265.925236196145,3.265925236196145,1.1989850527448347,3237.259642411054,0.33930209442228065,1,1,1
3328.7371025859125,3.3287371025859125,1.222044517824339,3299.5201981257155,0.3326851395741105,1,1,1
3392.756997412966,3.392756997412966,1.24554747377851,3362.9781792019767,0.326193423487246,1,1,1
3458.0081540691635,3.4580081540691636,1.2695024500400653,3427.6566151081765,0.31982458907365796,1,1,1
3524.5142527822795,3.5245142527822795,1.2939181400839292,3493.578978226609,0.31357632379233835,1,1,1
3592.299429209783,3.592299429209783,1.3188034045821784,3560.7691923718817,0.3074463588148356,1,1,1
3661.388283197873,3.6613882831978732,1.344167274619654,3629.251641473066,0.3014324681982399,1,1,1
3731.8058877089775,3.7318058877089775,1.3700189549714208,3699.051178422836,0.2955324680879712,1,1,1
3803.577797920962,3.803577797920962,1.3963678274432663,3770.193134096819,0.28974421591311694,1,1,1
3876.730060501338,3.876730060501338,1.4232234542764424,3842.7033265463942,0.2840656095966698,1,1,1
3951.289223059826,3.9512892230598258,1.4505955816178873,3916.6080703682956,0.27849458683282147,1,1,1
4027.2823437827124,4.027282343782712,1.4784941430571859,3991.934186254402,0.2730291242748498,1,1,1
4104.7370012525125,4.104737001252513,1.506929263231561,4068.7090107252147,0.26766723684966565,1,1,1
4183.681304456495,4.1836813044564956,1.535911261500197,4146.960406050532,0.26240697702765464,1,1,1
4264.143902987676,4.2641439029876755,1.5654506556892254,4226.716770360908,0.257246434085071,1,1,1
4346.153997442003,4.346153997442003,1.5955581659087352,4308.007047953585,0.2521837334409356,1,1,1
4429.741350015522,4.429741350015521,1.6262447184431983,4390.860739796635,0.24721703595668076,1,1,1
4514.9362953053505,4.5149362953053505,1.6575214497167199,4475.3079142351435,0.24234453729167582,1,1,1
4601.769751318369,4.601769751318369,1.6893997103345426,4561.379217903265,0.2375644672065973,1,1,1
4690.2732306916305,4.690273230691631,1.7218910692022806,4649.105886846158,0.23287508894503117,1,1,1
4780.478852128585,4.780478852128584,1.7550073177243797,4738.519757855825,0.22827469861507416,1,1,1
4872.419352055256,4.872419352055256,1.788760474083329,4829.653280024988,0.2237616245262325,1,1,1
4966.128096500577,4.966128096500577,1.823162787601163,4922.53952652314,0.21933422662317753,1,1,1
5061.639093205202,5.061639093205202,1.8582267431848445,5017.21220659908,0.214990895871073,1,1,1
5158.987003963234,5.158987003963234,1.8939650658571547,5113.705677814318,0.21073005365952852,1,1,1
5258.207157201311,5.258207157201311,1.9303907253747203,5212.054958511745,0.2065501512438059,1,1,1
5359.3355607995945,5.359335560799595,1.9675169409348512,5312.295740524099,0.20244966917485002,1,1,1
5462.408915159343,5.462408915159344,2.0053571859729002,5414.4644021268305,0.19842711674422026,1,1,1
5567.464626521823,5.567464626521823,2.0439251930518973,5518.598021240123,0.1944810314439237,1,1,1
5674.540820543382,5.674540820543382,2.083234958846225,5624.734388884808,0.19060997842997313,1,1,1
5783.676356131577,5.783676356131577,2.1233007492211304,5732.912022897052,0.1868125499971211,1,1,1
5894.910839547411,5.8949108395474115,2.1641371044099325,5843.170181906818,0.18308736507594583,1,1,1
6008.284638778805,6.008284638778805,2.205758844290806,5955.548879585176,0.17943306872248654,1,1,1
6123.838898190516,6.123838898190517,2.248181073765051,6070.088899165638,0.17584833161532873,1,1,1
6241.615553455787,6.241615553455787,2.2914191882387955,6186.831808244748,0.17233184958994388,1,1,1
6361.65734677516,6.36165734677516,2.3354888792101196,6305.819973867323,0.16888234314322476,1,1,1
6484.007842388012,6.484007842388012,2.3804061399636423,6427.096577901834,0.1654985569864511,1,1,1
6608.7114423824305,6.608711442382431,2.4261872713746366,6550.705632711519,0.1621792595610022,1,1,1
6735.813402809103,6.735813402809103,2.472848887824755,6676.691997126838,0.15892324261739854,1,1,1
6865.359850105137,6.865359850105137,2.5204079232315326,6805.101392725138,0.1557293207533657,1,1,1
6997.397797833766,6.9973977978337665,2.5688816371938636,6935.9804204234315,0.1525963309891522,1,1,1
7131.975163746006,7.131975163746006,2.618287621255667,7069.376577390301,0.1495231323428452,1,1,1
7269.140787170414,7.269140787170414,2.668643805290008,7205.338274283022,0.1465086054056883,1,1,1
7408.944446737334,7.408944446737334,2.719968464006016,7343.914852816243,0.14355165195092556,1,1,1
7551.436878443983,7.551436878443983,2.7722802235809296,7485.15660366851,0.14065119450911878,1,1,1
7696.669794067008,7.696669794067009,2.825598068419709,7629.114784733214,0.13780617598816758,1,1,1
7844.6958999291755,7.844695899929175,2.879941348044651,7775.841639720557,0.13501555928587916,1,1,1
7995.568916026945,7.9955689160269445,2.935329784117501,7925.390417117253,0.13227832690253855,1,1,1
8149.343595525923,8.149343595525924,2.9917834775966092,8077.815389510845,0.12959348058700562,1,1,1
8306.075744631291,8.306075744631292,3.0493229160317594,8233.17187328575,0.1269600409418345,1,1,1
8465.822242840393,8.465822242840392,3.107968980999286,8391.516248698072,0.12437704709172248,1,1,1
8628.641063584795,8.628641063584794,3.167742955680179,8552.905980336483,0.12184355631470684,1,1,1
8794.591295269347,8.794591295269347,3.228666532583937,8717.39963797663,0.11935864370688795,1,1,1
8963.73316271591,8.96373316271591,3.290761821420977,8885.056917836637,0.11692140183970332,1,1,1
9136.128049019491,9.136128049019492,3.3540513571264494,9055.938664241414,0.1145309404246509,1,1,1
9311.838517824719,9.31183851782472,3.4185581080383685,9230.106891703595,0.11218638598918915,1,1,1
9490.92833603071,9.490928336030711,3.4843054842330137,9407.624807429136,0.10988688155263666,1,1,1
9673.462496932676,9.673462496932675,3.5513173460206646,9588.556834255794,0.10763158632069827,1,1,1
9859.507243808586,9.859507243808586,3.619618012604728,9772.968634032766,0.10541967536881569,1,1,1
10049.13009395944,10.049130093959441,3.6892322709073926,9960.92713144996,0.10325033934041856,1,1,1
10242.399863211826,10.242399863211826,3.7601853845649935,10152.500538325483,0.10112278415076437,1,1,1
10439.386690891917,10.439386690891917,3.832503103096462,10347.758378360448,0.09903623069822787,1,1,1
10640.162065279586,10.640162065279586,3.9062116712480224,10546.77151236966,0.09698991457000378,1,1,1
10844.798849552155,10.844798849552156,3.981337838517653,10749.612163997663,0.09498308576829734,1,1,1
11053.37130822712,11.05337130822712,4.057908868862728,10956.353945929364,0.09301500843279062,1,1,1
11265.955134113314,11.265955134113314,4.135952550594316,11167.071886604654,0.0910849605705589,1,1,1
11482.627475780664,11.482627475780664,4.215497206461868,11381.842457447045,0.08919223378412425,1,1,1
11703.466965557916,11.703466965557917,4.296571703931724,11600.743600615655,0.08733613301999865,1,1,1
11928.553748069164,11.928553748069163,4.379205465663435,11823.854757291274,0.08551597630791363,1,1,1
12157.969509318966,12.157969509318965,4.4634284801874795,12051.256896506195,0.08373109450936317,1,1,1
12391.797506336943,12.391797506336943,4.549271312788372,12283.032544528605,0.08198083107359708,1,1,1
12630.1225973925,12.6301225973925,4.636765116597084,12519.265814812126,0.08026454178988932,1,1,1
12873.031272790677,12.873031272790676,4.725941643896795,12760.042438521346,0.07858159456402063,1,1,1
13120.611686260148,13.120611686260148,4.816833257646049,13005.449795644334,0.07693136916309597,1,1,1
13372.953686945155,13.372953686945156,4.909472943223616,13255.576946703763,0.07531325701251629,1,1,1
13630.148852012488,13.630148852012487,5.00389432039915,13510.514665077704,0.0737266609482467,1,1,1
13892.29051988557,13.89229051988557,5.100131655534077,13770.355469942007,0.072170995015651,1,1,1
14159.473824117975,14.159473824117974,5.198219874017224,14035.193659846504,0.07064568423852324,1,1,1
14431.79572791813,14.43179572791813,5.298194572939509,14305.125346936673,0.0691501644179225,1,1,1
14709.35505933816,14.709355059338161,5.40009203401246,14580.248491833643,0.06768388191610576,1,1,1
14992.252547139471,14.99225254713947,5.503949236735171,14860.66293918496,0.06624629345908761,1,1,1
15280.59085734815,15.28059085734815,5.609803871814497,15146.470453899143,0.06483686592988669,1,1,1
15574.474630513252,15.574474630513253,5.7176943548433155,15437.774758076952,0.06345507617946713,1,1,1
15874.010519682017,15.874010519682017,5.8276598402419575,15734.681568653285,0.062100410824641586,1,1,1
16179.30722910496,16.17930722910496,5.9397402354676085,16037.298635762543,0.06077236606739461,1,1,1
16490.47555368583,16.49047555368583,6.053976215497161,16345.735781842335,0.05947044750209898,1,1,1
16807.62841918995,16.80762841918995,6.170409237588484,16660.104941488906,0.0581941699385643,1,1,1
17130.88092322603,17.130880923226027,6.289081556325642,16980.520202079235,0.05694305722042917,1,1,1
17460.35037701608,17.460350377016077,6.410036238953458,17307.097845174336,0.05571664204914123,1,1,1
17796.15634796878,17.79615634796878,6.533317181007017,17639.956388718947,0.054514465814456355,1,1,1
18138.42070307139,18.138420703071393,6.6589691222416985,17979.216630052586,0.05333607842400672,1,1,1
18487.26765311664,18.48726765311664,6.787037662869723,18325.001689748253,0.05218103813659401,1,1,1
18842.823797779616,18.842823797779616,6.917569280108767,18677.43705629367,0.051048911402001976,1,1,1
19205.218171562206,19.205218171562205,7.0506113450490595,19036.65063163246,0.049939272698946297,1,1,1
19574.582290620703,19.574582290620704,7.18621213984472,19402.772777580743,0.048851704380474995,1,1,1
19951.050200494232,19.951050200494233,7.3244208752357896,19775.936363136632,0.047785796521231536,1,1,1
20334.75852475108,20.33475852475108,7.465287708407258,20156.276812699598,0.04674114676378667,1,1,1
20725.84651457066,20.725846514570662,7.608863761191566,20543.93215521723,0.045717360173352053,1,1,1
21124.456099278817,21.124456099278817,7.755201138621109,20939.043074276993,0.04471404909528792,1,1,1
21530.731937855562,21.530731937855563,7.904352947837735,21341.752959161884,0.043730833007954065,1,1,1
21944.821471432766,21.944821471432768,8.05637331736567,21752.20795688731,0.0427673383867368,1,1,1
22366.874976802155,22.366874976802155,8.211317416755357,22170.557025239465,0.041823198568075905,1,1,1
22797.045620951936,22.797045620951938,8.369241476604909,22596.951986833254,0.040898053613491345,1,1,1
23235.489516652513,23.235489516652514,8.530202808966724,23031.547584210155,0.03999155017919838,1,1,1
23682.36577911119,23.68236577911119,8.694259828146526,23474.50153599562,0.039103341388516136,1,1,1
24137.836583716577,24.137836583716577,8.861472071902472,23925.974594136675,0.03823308670427651,1,1,1
24602.067224893257,24.602067224893258,9.031900223051846,24386.130602239984,0.03738045180682094,1,1,1
25075.22617608899,25.07522617608899,9.20560613149354,24855.136555032557,0.03654510847106577,1,1,1
25557.4851509148,25.5574851509148,9.382652836653776,25333.162658965193,0.03572673444822431,1,1,1
26049.01916546176,26.049019165461758,9.563104590363814,25820.382393982298,0.03492501334939152,1,1,1
26550.006601815676,26.550006601815674,9.747026880177438,26316.972576479086,0.03413963453285396,1,1,1
27060.6292727936,27.0606292727936,9.934486453136998,26823.113423469895,0.03337029298860579,1,1,1
27581.072487925318,27.58107248792532,10.125551339996495,27338.988617990537,0.032616689234972,1,1,1
28111.525120703893,28.11152512070389,10.320290879910587,27864.785375758584,0.031878529204521326,1,1,1
28652.179677129323,28.652179677129322,10.518775745598292,28400.694513115388,0.03115552414301783,1,1,1
29203.23236557107,29.203232365571072,10.721077968990901,28946.91051627543,0.030447390504181382,1,1,1
29764.8831679734,29.764883167973398,10.927270967372843,29503.631611906676,0.029753849852830166,1,1,1
30337.33591243099,30.33733591243099,11.137429570025617,30071.059839069167,0.029074628759641202,1,1,1
30920.798347159747,30.920798347159746,11.351630045383919,30649.401122536583,0.028409458709880705,1,1,1
31515.482215890566,31.515482215890565,11.569950128714172,31238.865347528266,0.027758076005615293,1,1,1
32121.603334712992,32.121603334712994,11.79246905032534,31839.666435878422,0.027120221673510976,1,1,1
32739.381670396895,32.739381670396895,12.01926756432234,32452.022423670314,0.026495641375891867,1,1,1
33369.0414202201,33.3690414202201,12.250427977912324,33076.155540363274,0.025884085318073628,1,1,1
34010.811093332064,34.010811093332066,12.486034181274896,33712.292289442215,0.025285308163147426,1,1,1
34664.92359368131,34.664923593681316,12.726171678006372,34360.6635306172,0.024699068948626515,1,1,1
35331.6163045389,35.3316163045389,12.970927616150012,35021.504563605034,0.024125130998436363,1,1,1
36011.13117464658,36.01113117464658,13.220390819822699,35695.055213521286,0.02356326184608042,1,1,1
36703.71480602228,36.70371480602228,13.474651821450028,36381.559917915074,0.023013233150355514,1,1,1
37409.61854345418,37.40961854345418,13.733802894621357,37081.267815477666,0.022474820620846,0,1,0
38129.098565716,38.129098565716,13.997938087576715,37794.432836457134,0.02194780393736437,0,1,0
38862.415978536344,38.86241597853635,14.267153257337663,38521.31379481169,0.021431966679636386,0,1,0
39609.83690935677,39.609836909356765,14.541546104494834,39262.174482136055,0.020927096249070014,0,1,0
40371.63260391123,40.37163260391123,14.82121620866415,40017.28376339321,0.020432983801700173,0,1,0
41148.079524664114,41.14807952466411,15.106265064625331,40786.915674488395,0.01994942417368293,0,1,0
41939.45945114064,41.93945945114064,15.396796119155164,41571.34952171894,0.01947621581656859,0,1,0
42746.059582187205,42.74605958218721,15.692914808569268,42370.869983137025,0.019013160726521164,0,1,0
43568.17264019847,43.56817264019847,15.994728596985906,43185.767211861945,0.018560064382385465,0,1,0
44406.09697734897,44.40609697734897,16.30234701532567,44016.336941379304,0.018116735677234833,0,1,0
45260.136683867466,45.260136683867465,16.615881701061127,44862.88059286505,0.017682986859697845,0,1,0
46130.6016983945,46.1306016983945,16.93544643873124,45725.70538457435,0.01725863346969709,0,1,0
47017.80792046167,47.01780792046167,17.261157201234706,46605.124443333705,0.016843494278844448,0,1,0
47922.077325134116,47.92207732513412,17.593132191917444,47501.4569181771,0.01643739123363048,0,1,0
48843.73807985864,48.84373807985864,17.931491887469843,48415.02809616858,0.01604014939488843,0,1,0
49783.12466355832,49.783124663558326,18.276359081648724,49346.169520451556,0.015651596884010358,0,1,0
50740.57798801793,50.74057798801793,18.62785892984028,50295.21911056875,0.015271564826834949,0,1,0
51716.44552160392,51.71644552160392,18.986118994480137,51262.52128509637,0.014899887300329283,0,1,0
52711.081415363835,52.711081415363836,19.351269291346885,52248.42708663659,0.014536401280201968,0,1,0
53724.84663155053,53.72484663155053,19.72344233674586,53253.294309213816,0.014180946588981894,0,1,0
54758.10907461932,54.75810907461932,20.102773195600733,54277.48762812198,0.01383336584689096,0,1,0
55811.24372474293,55.81124372474294,20.489399530469484,55321.37873226761,0.013493504420854155,0,1,0
56884.63277389591,56.88463277389591,20.883461651503634,56385.34645905981,0.013161210378864783,0,1,0
57978.66576455507,57.978665764555075,21.28510256736791,57469.77693189336,0.012836334440857172,0,1,0
59093.7397310681,59.0937397310681,21.6944680371394,58575.06370027638,0.012518729934236032,0,1,0
60230.25934374076,60.23025934374076,22.111706623204828,59701.607882653036,0.012208252748241648,0,1,0
61388.63705569561,61.38863705569561,22.53696974517521,60849.81831197307,0.011904761289944873,0,1,0
62569.29325255433,62.56929325255433,22.9704117348372,62020.11168406044,0.011608116442104799,0,1,0
63772.65640500036,63.772656405000355,23.412189892161816,63212.912708836906,0.011318181520327923,0,1,0
64999.16322427368,64.99916322427369,23.862464542389603,64428.65426445193,0.011034822232089934,0,1,0
66249.25882065817,66.24925882065817,24.321399094214453,65667.77755437902,0.010757906636688859,0,1,0
67523.39686501551,67.52339686501551,24.78916009908586,66930.73226753181,0.010487305105896665,0,1,0
68822.03975342665,68.82203975342665,25.265917311652014,68217.97674146044,0.010222890285076572,0,1,0
70145.65877499935,70.14565877499935,25.75184375136525,69529.97812868617,0.009964537056162955,0,1,0
71494.73428290339,71.4947342829034,26.247115765272415,70867.21256623552,0.009712122500175613,0,1,0
72869.7558686945,72.8697558686945,26.751913092012572,72230.16534843395,0.009465525860898197,0,1,0
74271.22253999248,74.27122253999248,27.26641892704615,73619.33110302461,0.009224628510535697,0,1,0
75699.64290157436,75.69964290157436,27.790819989137763,75035.21397067196,0.008989313913858498,0,1,0
77155.53533995264,77.15553533995264,28.32530658811848,76478.3277879199,0.008759467595024037,0,1,0
78639.42821150183,78.63942821150182,28.87007269395081,77949.19627366718,0.008534977104282006,0,1,0
80151.86003420381,80.1518600342038,29.425316007122106,79448.35321922968,0.008315731985028833,0,1,0
81693.37968308086,81.69337968308086,29.991238030391912,80976.34268205817,0.008101623742375523,0,1,0
83264.54658938739,83.2645465893874,30.568044141919124,82533.71918318163,0.007892545811249875,0,1,0
84865.930943632,84.86593094363201,31.155943669795334,84121.0479084474,0.007688393526594154,0,1,0
86498.1139025058,86.49811390250579,31.75514996801232,85738.90491363326,0.007489064092515036,0,1,0
88161.68779978798,88.16168779978798,32.365880493889556,87387.8773335018,0.007294456553063355,0,1,0
89857.25636131034,89.85725636131033,32.98835688699192,89068.56359487819,0.007104471763479524,0,1,0
91585.43492405399,91.58543492405398,33.622805049564384,90781.57363382383,0.006919012361671777,0,1,0
93346.85065946089,93.3468506594609,34.26945522851404,92527.5291169879,0.006737982740160078,0,1,0
95142.14280103994,95.14214280103994,34.92854209896874,94307.0636672156,0.006561289019184189,0,1,0
96971.96287635069,96.97196287635069,35.60030484944288,96120.82309349577,0.00638883901911322,0,1,0
98836.9749434478,98.8369749434478,36.284987268640755,97969.46562533003,0.006220542235067114,0,1,0
100737.85583187499,100.73785583187498,36.98283783393019,99853.66215161151,0.006056309810141103,0,1,0
102675.29538829089,102.67529538829089,37.694109801516575,101774.09646409475,0.005896054510376416,0,1,0
104649.99672682205,104.64999672682205,38.41906129835233,103731.4655055513,0.005739690699381752,0,1,0
106662.67648422846,106.66267648422846,39.15795541581322,105726.4796226957,0.005587134314235299,0,1,0
108714.06507997768,108.71406507997767,39.91106030517659,107759.8628239768,0.005438302841037512,0,1,0
110804.90698132054,110.80490698132054,40.67864927493588,109832.35304232687,0.005293115290813149,0,1,0
112935.96097346528,112.93596097346527,41.46100088998685,111944.7024029645,0.005151492176577449,0,1,0
115108.00043494646,115.10800043494646,42.258399072720835,114097.67749634625,0.005013355490053072,0,1,0
117321.81361829261,117.32181361829261,43.0711332060634,116292.05965637119,0.0048786286789691095,0,1,0
119578.20393608823,119.57820393608823,43.899498238493265,118528.64524393182,0.004747236624767539,0,1,0
121877.99025254107,121.87799025254107,44.74379479108234,120808.24593592231,0.0046191056206007506,0,1,0
124222.00718065431,124.22200718065432,45.60432926659347,123131.68901980236,0.004494163349620066,0,1,0
126611.10538511527,126.61110538511527,46.48141396067683,125499.81769382744,0.00437233886390459,0,1,0
129046.15189100931,129.04615189100932,47.37536717520478,127913.49137305291,0.0042535625628079285,0,1,0
131528.0303984712,131.5280303984712,48.28651333378657,130373.58600122375,0.004137766172876582,0,1,0
134057.64160338667,134.05764160338666,49.21518309950418,132880.99436866128,0.004024882727127988,0,1,0
136635.903524265,136.63590352426502,50.1617134949136,135436.62643626673,0.003914846544736063,0,1,0
139263.7518353939,139.2637518353939,51.12644802435249,138041.40966575174,0.0038075932112988076,0,1,0
141942.14020640592,141.94214020640592,52.10973679860174,140696.2893562247,0.0037030595592805185,0,1,0
144672.04064837273,144.67204064837273,53.11193666194336,143402.22898724707,0.003601183648628648,0,1,0
147454.44386655674,147.45444386655674,54.13341132166254,146160.21056848887,0.0035019047474488616,0,1,0
150290.35961994706,150.29035961994705,55.17453148004035,148971.23499610895,0.00340516331337858,0,1,0
153180.81708770987,153.18081708770987,56.235674968884794,151836.32241598895,0.0033109009749605327,0,1,0
156126.86524268723,156.12686524268722,57.31722688664958,154756.51259395387,0.003219060513190925,0,1,0
159129.57323207732,159.12957323207732,58.419579738189256,157732.86529311098,0.0031295858432422398,0,1,0
162190.03076543976,162.19003076543976,59.54313357720356,160766.46065844962,0.0030424219968845133,0,1,0
165309.3485101584,165.3093485101584,60.688296151419564,163858.3996088328,0.002957515104440972,0,1,0
168488.65849451468,168.48865849451468,61.85548305056775,167009.80423653292,0.0028748123773839323,0,1,0
171729.1145185095,171.7291145185095,63.045117857202804,170221.81821444756,0.0027942620912799615,0,1,0
175031.89257258797,175.03189257258796,64.25763230042564,173495.60721114924,0.002715813568327576,0,1,0
178398.1912644167,178.3981912644167,65.49346641256167,176832.35931391653,0.0026394171608262696,0,1,0
181829.23225386968,181.82923225386966,66.7530686888527,180233.28545990228,0.002565024234296288,0,1,0
185326.26069637813,185.32626069637814,68.03689625021924,183699.61987559195,0.0024925871511222797,0,1,0
188890.545694811,188.890545694811,69.3454150091548,187232.620524718,0.0024220592542260424,0,1,0
192523.38076004095,192.52338076004094,70.67909983880851,190833.56956478299,0.0023533948509721087,0,1,0
196226.08428037338,196.22608428037339,72.03843474532185,194503.773812369,0.0022865491972188477,0,1,0
200000.0,200.0,73.42391304347827,198244.56521739133,0.0022214784816897005,0,1,0
